0.1143639982, 0.0000450560, 11815.4555456036, 12147.5156623246, 0.0010670833
0.0885180011, 0.0000450880, 11443.2528575048, 11742.3199885813, 0.0012195238
0.0871940032, 0.0000450560, 11868.8448129282, 12053.1826780072, inf
0.1049510017, 0.0000480320, 11790.9760106334, 11897.7932149110, inf
0.0825650021, 0.0000481280, 11799.1245773305, 10049.0484187153, 0.0011774713
0.0786309987, 0.0000477440, 11811.3685668608, 11985.4919363968, 0.0010670833
0.0825090036, 0.0000460800, 11807.2844145209, 12015.0128524963, inf
0.0847690031, 0.0000520320, 11823.6379940424, 10997.3161116890, 0.0021341667
0.0801170021, 0.0000479040, 11670.0842538600, 12002.3432431615, 0.0011382222
0.0801170021, 0.0000460800, 11831.8317833661, 9208.9176177979, 0.0017971930
0.1107200012, 0.0000460800, 11730.2186625883, 12130.2545388257, inf
0.0765250027, 0.0000471360, 11762.5444460194, 11981.2865006296, inf
0.1173370034, 0.0000450240, 11795.0488866302, 12130.2545388257, 0.0017073333
0.0797270015, 0.0000460800, 11489.4571086119, 10860.8990225173, 0.0010670833
0.0698179975, 0.0000481280, 10741.3232232760, 10809.3278020875, inf
0.0785040036, 0.0000481280, 11686.0597285402, 11914.3986485675, 0.0015521212
0.0765829980, 0.0000481280, 11726.1904281574, 11555.5555082215, inf
0.0797580034, 0.0000460800, 11848.2534791098, 11914.3986485675, 0.0013658667
0.0865669996, 0.0000488000, 11318.0863529315, 11638.2639832292, 0.0014227778
0.0782840028, 0.0000481280, 11750.4014200944, 11951.9308809221, inf
0.0793069974, 0.0000501760, 9477.2874068261, 10664.1681845079, inf
0.0838849992, 0.0000491520, 11416.4715903693, 11022.1647923804, 0.0018970370
0.0811230019, 0.0000487040, 11738.2834399431, 11893.6490863094, inf
0.0801120028, 0.0000491520, 11889.5078435914, 12006.5634763694, 0.0011774713
0.0797659978, 0.0000488960, 11555.5555082215, 11762.5444460194, inf
0.0850230008, 0.0000512320, 11786.9059464254, 12010.7866784363, 0.0012646914
0.0859379992, 0.0000477120, 11868.8448129282, 11943.5699639015, inf
0.0790589973, 0.0000481280, 11803.2030856531, 11993.9116708094, inf
0.0821520016, 0.0000471040, 11848.2534791098, 10947.9533590235, 0.0013133333
0.0768409967, 0.0000471040, 11811.3685668608, 11947.7489596901, 0.0016260317
0.0745960027, 0.0000491520, 8690.9306507494, 12002.3432431615, inf
0.0718050003, 0.0000489920, 11803.2030856531, 11831.8317833661, inf
0.0828569978, 0.0000450560, 11670.0842538600, 11827.7334696205, 0.0341466665
0.0777579993, 0.0000478080, 11610.5632529053, 11947.7489596901, 0.0010670833
0.0727630034, 0.0000471040, 11811.3685668608, 12006.5634763694, 0.0011774713
0.0756189972, 0.0000470400, 11674.0740262545, 10049.0484187153, inf
0.0822009966, 0.0000470720, 11848.2534791098, 11989.7003254194, inf
0.0755060017, 0.0000471040, 11778.7742417366, 11922.7187593556, inf
0.0733759999, 0.0000487040, 11795.0488866302, 12091.5957956071, 0.0012195238
0.0761329979, 0.0000480960, 11682.0617607918, 10404.2250233987, inf
0.0727880001, 0.0000471040, 11610.5632529053, 11960.3035120121, inf
0.0769380033, 0.0000496960, 11501.0665297388, 11881.2340037559, inf
0.0807970017, 0.0000479360, 11786.9059464254, 11889.5078435914, inf
0.0775559992, 0.0000479360, 11848.2534791098, 12036.1884126875, inf
0.0745240003, 0.0000491520, 9485.1851463318, 9637.7833832330, inf
0.0757220015, 0.0000491520, 11698.0700674184, 11799.1245773305, 0.0021341667
0.0800630003, 0.0000480320, 11555.5555082215, 11738.2834399431, 0.0341466665
0.0875530019, 0.0000490240, 11786.9059464254, 11926.8831738716, 0.0011015054
0.0851199999, 0.0000460800, 10958.4937505759, 11815.4555456036, inf
0.0853379965, 0.0000460800, 11718.1422535327, 11860.5996966983, inf
0.0833249986, 0.0000460800, 11750.4014200944, 12006.5634763694, inf
0.0757630020, 0.0000460800, 11840.0369371687, 11922.7187593556, 0.0014227778
0.0753479972, 0.0000655360, 11819.5453536845, 9578.3075811485, 0.0010670833
0.0864709988, 0.0000460800, 11795.0488866302, 12031.9473314991, 0.0010670833
0.0847259983, 0.0000460800, 11726.1904281574, 9972.7413921713, 0.0010670833
0.1089899987, 0.0000481280, 11412.6559247308, 11333.1120234963, inf
0.0910310000, 0.0000460800, 11439.4192719579, 9388.6902740705, inf
0.0887999982, 0.0000477440, 11811.3685668608, 11860.5996966983, inf
0.0779130012, 0.0000496640, 11722.1649594214, 11935.2207363839, 0.0018970370
0.0698599964, 0.0000477120, 11774.7125954464, 11889.5078435914, inf
0.0702999979, 0.0000481280, 11706.0906845370, 11868.8448129282, 0.0012646914
0.0754749998, 0.0000491520, 11718.1422535327, 11872.9716713472, inf
0.0721480027, 0.0000477120, 11750.4014200944, 11918.5572519352, 0.0011774713
0.0737980008, 0.0000570240, 11864.7208223747, 12010.7866784363, inf
0.0788599998, 0.0000501760, 9294.1389566670, 11774.7125954464, inf
0.0789349973, 0.0000481280, 11872.9716713472, 12065.9599034609, 0.0010670833
0.0765459985, 0.0000476800, 11848.2534791098, 12027.7092380396, 0.0012646914
0.0742670000, 0.0000450560, 11393.6157913895, 9122.8069801748, inf
0.0739459991, 0.0000450560, 11795.0488866302, 11981.2865006296, inf
0.0750750005, 0.0000460800, 11606.6167664155, 11964.4942280289, inf
0.0757130012, 0.0000479680, 11840.0369371687, 11935.2207363839, inf
0.0721549988, 0.0000478080, 11782.8386910954, 12027.7092380396, 0.0016260317
0.0730340034, 0.0000491840, 11827.7334696205, 12048.9296142535, inf
0.0782919973, 0.0000488960, 11750.4014200944, 10843.6540256572, inf
0.0819159970, 0.0000479040, 11819.5453536845, 11840.0369371687, 0.0017971930
0.0723259971, 0.0000471040, 11718.1422535327, 11906.0901418391, inf
0.0736690015, 0.0000490240, 11823.6379940424, 10126.5321846959, inf
0.0795650035, 0.0000460800, 11844.1437831406, 11998.1259756832, 0.0014846377
0.0773319975, 0.0000471040, 11831.8317833661, 11972.8844764356, inf
0.0746520013, 0.0000481280, 11758.4939830559, 12070.2250006343, inf
0.0777229965, 0.0000479680, 11754.4463087072, 11947.7489596901, inf
0.0762879997, 0.0000481280, 11782.8386910954, 11956.1157306703, 0.0341466665
0.0795010030, 0.0000481280, 8302.1314191088, 11989.7003254194, inf
0.0713580027, 0.0000489280, 11722.1649594214, 11956.1157306703, 0.0017073333
0.0730319992, 0.0000488640, 11807.2844145209, 11943.5699639015, inf
0.0798870027, 0.0000460800, 11807.2844145209, 12019.2420016876, 0.0012195238
0.0715349987, 0.0000471040, 10251.1757810851, 11960.3035120121, 0.0014227778
0.0713000000, 0.0000471040, 11852.3660280439, 12044.6795508975, inf
0.0766410008, 0.0000460800, 11803.2030856531, 9570.2540714110, inf
0.0775989965, 0.0000487040, 11782.8386910954, 11956.1157306703, 0.0011382222
0.0773240030, 0.0000460800, 11714.1223076482, 8913.2515079077, 0.0016260317
0.0729809999, 0.0000472640, 11799.1245773305, 11786.9059464254, 0.0016260317
0.0747049972, 0.0000480320, 11638.2639832292, 9347.5681704885, inf
0.0827459991, 0.0000480960, 11762.5444460194, 11977.0840150103, 0.0018970370
0.0873479992, 0.0000582080, 11782.8386910954, 12070.2250006343, 0.0013133333
0.0733449981, 0.0000481280, 11726.1904281574, 12113.0424004237, 0.0011382222
0.0780130029, 0.0000511360, 10208.2710095051, 11860.5996966983, 0.0013133333
0.0760219991, 0.0000512000, 11670.0842538600, 12015.0128524963, 0.0012646914
0.0720259994, 0.0000478720, 11803.2030856531, 11993.9116708094, 0.0016260317
0.0762349963, 0.0000476480, 11614.5124240797, 11951.9308809221, 0.0010670833
0.0730459988, 0.0000480960, 11827.7334696205, 11710.1051189281, inf
0.0741769969, 0.0000481280, 11790.9760106334, 11918.5572519352, inf
0.0790089965, 0.0000655360, 10019.5617742941, 10823.0321796496, inf
0.0794970021, 0.0000477440, 11754.4463087072, 12006.5634763694, 0.0020086274
0.0794529989, 0.0000450560, 11795.0488866302, 12040.4324847653, 0.0017073333
0.0789510012, 0.0000477440, 11864.7208223747, 12053.1826780072, 0.0014846377
0.0775969997, 0.0000471040, 11844.1437831406, 11981.2865006296, 0.0013133333
0.0713329986, 0.0000563200, 7954.0336656870, 10802.4886196756, inf
0.0814990029, 0.0000466240, 11778.7742417366, 11947.7489596901, 0.0017073333
0.0734850019, 0.0000471040, 11666.0972076510, 12002.3432431615, 0.0341466665
0.0745579973, 0.0000471040, 11827.7334696205, 11998.1259756832, inf
0.0770469978, 0.0000471040, 10013.6851984734, 11972.8844764356, inf
0.0741960034, 0.0000481280, 11811.3685668608, 11943.5699639015, inf
0.0755169988, 0.0000490560, 11827.7334696205, 11981.2865006296, 0.0010670833
0.0739720017, 0.0000476800, 11774.7125954464, 11993.9116708094, 0.0020086274
0.0803119987, 0.0000477120, 11848.2534791098, 12108.7469953172, 0.0017971930
0.0711200014, 0.0000476800, 11706.0906845370, 11951.9308809221, 0.0018970370
0.0780379996, 0.0000450560, 11807.2844145209, 11742.3199885813, 0.0010670833
0.0785240009, 0.0000478720, 11803.2030856531, 11985.4919363968, inf
0.0736609995, 0.0000481280, 11702.0790016431, 11922.7187593556, inf
0.0762239993, 0.0000478720, 9487.8206520685, 11977.0840150103, 0.0013658667
0.0754569992, 0.0000460800, 11754.4463087072, 12074.4931141423, 0.0017073333
0.0690459982, 0.0000469760, 11790.9760106334, 11989.7003254194, 0.0011382222
0.0732949972, 0.0000480960, 11770.6537493259, 12019.2420016876, inf
0.0782189965, 0.0000468800, 11774.7125954464, 11943.5699639015, 0.0011015054
0.0765630007, 0.0000460800, 11730.2186625883, 11985.4919363968, inf
0.0765300021, 0.0000478080, 11750.4014200944, 11799.1245773305, inf
0.0792540014, 0.0000487680, 11722.1649594214, 12010.7866784363, inf
0.0744799972, 0.0000460800, 11698.0700674184, 12027.7092380396, 0.0010670833
0.0765729994, 0.0000481280, 11790.9760106334, 11960.3035120121, inf
0.0727889985, 0.0000476800, 10836.7713509344, 11981.2865006296, inf
0.0754619986, 0.0000466560, 11852.3660280439, 11981.2865006296, 0.0015521212
0.0719320029, 0.0000478080, 9955.2963634969, 12015.0128524963, inf
0.0924829990, 0.0000593920, 11790.9760106334, 12104.4546355173, 0.0012646914
0.0732399970, 0.0000471040, 11646.2027717580, 11922.7187593556, inf
0.0951670036, 0.0000570560, 11831.8317833661, 12134.5652191878, inf
0.0808160007, 0.0000481280, 11710.1051189281, 11827.7334696205, 0.0013658667
0.0770770013, 0.0000501760, 11868.8448129282, 12151.8386216350, 0.0017073333
0.1068909988, 0.0000542720, 11481.7305066558, 10969.0544576918, 0.0016260317
0.0845820010, 0.0000450560, 11819.5453536845, 11926.8831738716, 0.0018970370
0.0737560019, 0.0000481280, 11762.5444460194, 11778.7742417366, 0.0020086274
0.0707859993, 0.0000481280, 11762.5444460194, 11989.7003254194, 0.0015521212
0.0696000010, 0.0000466240, 11835.9329382303, 10226.6147130262, 0.0013658667
0.0727929994, 0.0000480000, 11840.0369371687, 11947.7489596901, 0.0341466665
0.0758370012, 0.0000481280, 11827.7334696205, 11939.3938904876, inf
0.0731009990, 0.0000469120, 11827.7334696205, 11972.8844764356, 0.0010670833
0.0765900016, 0.0000450560, 11782.8386910954, 12036.1884126875, 0.0011382222
0.0988079980, 0.0000592000, 11831.8317833661, 12151.8386216350, inf
0.0780469999, 0.0000532480, 11746.3593143428, 12143.1957776652, inf
0.0885019973, 0.0000579840, 11835.9329382303, 12147.5156623246, 0.0010670833
0.0741439983, 0.0000477120, 11742.3199885813, 11939.3938904876, 0.0013133333
0.0790299997, 0.0000487040, 11819.5453536845, 12031.9473314991, 0.0016260317
0.0805919990, 0.0000480640, 11762.5444460194, 9846.2129546697, 0.0017073333
0.0818890035, 0.0000481280, 11686.0597285402, 7948.4791729037, inf
0.0773449987, 0.0000481280, 9391.2724221107, 8929.5676063793, inf
0.0783160031, 0.0000471040, 11807.2844145209, 12031.9473314991, 0.0012195238
0.0788680017, 0.0000480640, 11778.7742417366, 11972.8844764356, 0.0012646914
0.0765710026, 0.0000512000, 11351.9503081099, 11698.0700674184, 0.0341466665
0.0832540020, 0.0000450560, 10833.3332889576, 11811.3685668608, 0.0012646914
0.0760409981, 0.0000460800, 11803.2030856531, 11864.7208223747, inf
0.0728610009, 0.0000471040, 11718.1422535327, 10768.4221150408, 0.0012195238
0.0730099976, 0.0000460800, 11807.2844145209, 11738.2834399431, 0.0020086274
0.0774360001, 0.0000471040, 11790.9760106334, 12010.7866784363, inf
0.0723230019, 0.0000460800, 11790.9760106334, 11968.6878818067, inf
0.0695459992, 0.0000481280, 9479.9185249290, 11964.4942280289, 0.0014846377
0.0784159973, 0.0000471040, 11799.1245773305, 10782.0229007876, 0.0011015054
0.0762730017, 0.0000481280, 11702.0790016431, 11914.3986485675, inf
0.0696410015, 0.0000460800, 11840.0369371687, 12010.7866784363, inf
0.0685089976, 0.0000471040, 11835.9329382303, 12023.4741291530, 0.0011774713
0.0715529993, 0.0000471040, 11734.2496655651, 11815.4555456036, inf
0.0777869970, 0.0000481280, 11746.3593143428, 11998.1259756832, 0.0017971930
0.0811910033, 0.0000479040, 11803.2030856531, 11947.7489596901, inf
0.0790069997, 0.0000481280, 11795.0488866302, 8908.6007113995, inf
0.0726360008, 0.0000488000, 11682.0617607918, 12010.7866784363, 0.0014846377
0.0713799968, 0.0000470720, 11795.0488866302, 10214.3782610812, inf
0.0779210031, 0.0000470400, 11774.7125954464, 12010.7866784363, 0.0015521212
0.0758169964, 0.0000471040, 11827.7334696205, 11998.1259756832, 0.0011774713
0.0825859979, 0.0000471040, 11642.2320241372, 12023.4741291530, inf
0.0712940022, 0.0000476800, 11860.5996966983, 11993.9116708094, inf
0.0717099980, 0.0000471040, 11815.4555456036, 10245.0244604844, 0.0341466665
0.0813430026, 0.0000481280, 8618.5427881864, 12010.7866784363, 0.0016260317
0.0820380002, 0.0000481280, 11782.8386910954, 12019.2420016876, inf
0.0728859976, 0.0000471040, 11799.1245773305, 9607.9534402911, inf
0.0796779990, 0.0000481280, 11770.6537493259, 11960.3035120121, inf
0.0750489980, 0.0000460800, 11852.3660280439, 11998.1259756832, 0.0011015054
0.0743279979, 0.0000460800, 11734.2496655651, 11831.8317833661, 0.0013658667
0.0761179999, 0.0000477760, 9532.8493932983, 11964.4942280289, inf
0.0807280019, 0.0000481280, 11823.6379940424, 12036.1884126875, inf
0.0743969977, 0.0000460800, 11610.5632529053, 11750.4014200944, 0.0010670833
0.0850189999, 0.0000476800, 11819.5453536845, 10108.5454490214, 0.0013133333
0.0749830008, 0.0000488640, 11827.7334696205, 12083.0384029704, inf
0.0726049989, 0.0000486720, 11799.1245773305, 11964.4942280289, 0.0011382222
0.0782689974, 0.0000471360, 11856.4814329147, 11998.1259756832, inf
0.0757990032, 0.0000471040, 11827.7334696205, 11951.9308809221, 0.0013133333
0.0965500027, 0.0000471040, 10010.7494948093, 12002.3432431615, 0.0012195238
0.0743350014, 0.0000491520, 11807.2844145209, 11981.2865006296, 0.0010670833
0.0758439973, 0.0000488640, 11823.6379940424, 12057.4387453370, inf
0.0709559992, 0.0000470720, 11670.0842538600, 11906.0901418391, inf
0.0710380003, 0.0000460800, 11807.2844145209, 11951.9308809221, inf
0.0720060021, 0.0000481280, 10266.5864482244, 12010.7866784363, inf
0.0727609992, 0.0000478400, 9516.9081735770, 11881.2340037559, inf
0.0766739994, 0.0000471040, 11811.3685668608, 12019.2420016876, 0.0017971930
0.0821169987, 0.0000471040, 11840.0369371687, 12002.3432431615, inf
0.0764570013, 0.0000481280, 11666.0972076510, 11956.1157306703, 0.0015521212
0.0737980008, 0.0000460800, 11590.8576126254, 11943.5699639015, inf
0.0734729990, 0.0000471040, 11868.8448129282, 12002.3432431615, inf
0.0750090033, 0.0000481280, 11586.9245085831, 11901.9402324135, inf
0.0729420036, 0.0000468800, 11718.1422535327, 11914.3986485675, 0.0016260317
0.0783820003, 0.0000450560, 11831.8317833661, 12036.1884126875, 0.0012195238
0.0786990002, 0.0000486720, 10205.2201215763, 12023.4741291530, inf
0.0732719973, 0.0000496960, 11762.5444460194, 12019.2420016876, 0.0010670833
0.0725369975, 0.0000481280, 11774.7125954464, 11906.0901418391, inf
0.0753209963, 0.0000481280, 11860.5996966983, 11998.1259756832, inf
0.0985499993, 0.0000481280, 11795.0488866302, 12087.3155847060, inf
0.0765950009, 0.0000460800, 11914.3986485675, 8523.8808104829, 0.0011774713
0.0738430023, 0.0000460800, 11778.7742417366, 12010.7866784363, inf
0.0813840032, 0.0000450560, 9935.0208108218, 11985.4919363968, 0.0010670833
0.0706209987, 0.0000487040, 11799.1245773305, 10331.8204317078, 0.0018970370
0.0688339993, 0.0000471040, 11811.3685668608, 10025.4452515544, 0.0017971930
0.0769129992, 0.0000481280, 11762.5444460194, 12015.0128524963, inf
0.0782549977, 0.0000460800, 11807.2844145209, 11922.7187593556, inf
0.0723470002, 0.0000481280, 11786.9059464254, 10016.6226244630, inf
0.0832960010, 0.0000481280, 11840.0369371687, 11989.7003254194, 0.0341466665
0.0812020004, 0.0000481280, 11626.3760731340, 11819.5453536845, 0.0011382222
0.0771339983, 0.0000450560, 11803.2030856531, 9419.7700763571, inf
0.0763060004, 0.0000460800, 11815.4555456036, 12053.1826780072, inf
0.0763339996, 0.0000477760, 9932.1310432794, 12027.7092380396, 0.0014846377
0.0713640004, 0.0000471040, 11860.5996966983, 12023.4741291530, 0.0018970370
0.0778300017, 0.0000450560, 11840.0369371687, 12019.2420016876, 0.0017073333
0.0747390017, 0.0000611520, 9880.4011940956, 11036.4145206188, 0.0012195238
0.0732050017, 0.0000478080, 11706.0906845370, 11889.5078435914, 0.0012646914
0.0746999979, 0.0000501760, 11852.3660280439, 11981.2865006296, 0.0014227778
0.0800129995, 0.0000470400, 11803.2030856531, 12019.2420016876, inf
0.0730070025, 0.0000471040, 11848.2534791098, 12002.3432431615, inf
0.0699990019, 0.0000552000, 11610.5632529053, 9548.8441070454, inf
0.0752210021, 0.0000471360, 11754.4463087072, 11840.0369371687, inf
0.0791449994, 0.0000471040, 10833.3332889576, 12070.2250006343, inf
0.0753410012, 0.0000490880, 11730.2186625883, 9548.8441070454, inf
0.0796590000, 0.0000471040, 9990.2476672892, 11985.4919363968, inf
0.0718500018, 0.0000460800, 11799.1245773305, 12027.7092380396, 0.0012195238
0.0711390004, 0.0000481280, 11766.5977004805, 11897.7932149110, 0.0013133333
0.1015340015, 0.0000477760, 11815.4555456036, 11985.4919363968, 0.0021341667
0.0742480010, 0.0000481280, 11799.1245773305, 11989.7003254194, inf
0.0813449994, 0.0000450560, 11840.0369371687, 12023.4741291530, 0.0014846377
0.0761340037, 0.0000471040, 11638.2639832292, 12044.6795508975, inf
0.0770689994, 0.0000480960, 11778.7742417366, 12040.4324847653, inf
0.0760260001, 0.0000450560, 11746.3593143428, 11926.8831738716, inf
0.0933519974, 0.0000642880, 11682.0617607918, 12087.3155847060, 0.0012195238
0.0814960003, 0.0000450560, 11799.1245773305, 11989.7003254194, 0.0015521212
0.0723420009, 0.0000471040, 11827.7334696205, 12002.3432431615, inf
0.0712300017, 0.0000481280, 11742.3199885813, 11998.1259756832, inf
0.0846910030, 0.0000521920, 11807.2844145209, 12125.9469200264, 0.0011382222
0.0776380002, 0.0000480960, 11807.2844145209, 12023.4741291530, inf
0.1019549966, 0.0000468160, 11885.3694837433, 11998.1259756832, 0.0014227778
0.0759560019, 0.0000480640, 11774.7125954464, 11935.2207363839, inf
0.0767680034, 0.0000460800, 11782.8386910954, 11815.4555456036, 0.0013133333
0.0782760009, 0.0000471040, 11778.7742417366, 12023.4741291530, 0.0341466665
0.0712250024, 0.0000471040, 11734.2496655651, 12006.5634763694, inf
0.0785159990, 0.0000481280, 11819.5453536845, 9007.2979495633, 0.0014227778
0.0712630004, 0.0000481280, 11770.6537493259, 12070.2250006343, inf
0.0726160035, 0.0000488960, 11746.3593143428, 12015.0128524963, 0.0011774713
0.0721980035, 0.0000489600, 10484.0855163630, 11762.5444460194, inf
0.0707179978, 0.0000481280, 8521.7535629634, 11840.0369371687, 0.0341466665
0.0820529982, 0.0000476800, 9365.5146809639, 10356.8900596889, inf
0.0737639964, 0.0000480320, 11795.0488866302, 12048.9296142535, inf
0.0699810013, 0.0000471040, 10809.3278020875, 11977.0840150103, inf
0.0700090006, 0.0000471040, 10269.6741433968, 11964.4942280289, 0.0012195238
0.0706769973, 0.0000479040, 11738.2834399431, 9516.9081735770, 0.0011015054
0.0767259970, 0.0000480320, 11807.2844145209, 12006.5634763694, inf
0.0748640001, 0.0000460800, 11799.1245773305, 11956.1157306703, inf
0.0777330026, 0.0000487040, 11840.0369371687, 12044.6795508975, 0.0013133333
0.0745830014, 0.0000651840, 11799.1245773305, 11532.1399955402, 0.0016260317
0.0744450018, 0.0000481280, 11795.0488866302, 8379.5500679250, 0.0012195238
0.0713910013, 0.0000480000, 11786.9059464254, 11947.7489596901, inf
0.0827789977, 0.0000460800, 11819.5453536845, 12002.3432431615, 0.0011382222
0.0698539987, 0.0000471040, 11746.3593143428, 11968.6878818067, 0.0014846377
0.0747869983, 0.0000471040, 11770.6537493259, 12019.2420016876, inf
0.0730149969, 0.0000481280, 9396.4409815064, 11943.5699639015, inf
0.0822409987, 0.0000471040, 11799.1245773305, 11998.1259756832, inf
0.0910409987, 0.0000476800, 11840.0369371687, 12006.5634763694, 0.0011774713
0.0737420022, 0.0000480960, 11754.4463087072, 11718.1422535327, 0.0013658667
0.0696780011, 0.0000501760, 11827.7334696205, 10802.4886196756, inf
0.0765070021, 0.0000491520, 11646.2027717580, 11951.9308809221, inf
0.0714370012, 0.0000471040, 11670.0842538600, 11877.1014006242, 0.0014227778
0.0792839974, 0.0000460800, 11819.5453536845, 12061.6978194258, inf
0.0754449964, 0.0000480640, 10782.0229007876, 12108.7469953172, inf
0.0730080009, 0.0000471040, 11501.0665297388, 11823.6379940424, inf
0.0713799968, 0.0000481280, 11470.1600694640, 11968.6878818067, 0.0011015054
0.0802439973, 0.0000471040, 7178.1935099421, 10117.5308227539, 0.0016260317
0.1086729988, 0.0000479040, 11770.6537493259, 11989.7003254194, 0.0018970370
0.0772399977, 0.0000665600, 10025.4452515544, 9880.4011940956, 0.0011015054
0.0706790015, 0.0000467200, 11807.2844145209, 12087.3155847060, inf
0.0741370022, 0.0000471040, 11811.3685668608, 12095.8790388928, inf
0.0716369972, 0.0000487680, 11807.2844145209, 11998.1259756832, 0.0011774713
0.0755949989, 0.0000487040, 11811.3685668608, 8441.6975344362, 0.0011015054
0.0750470012, 0.0000481280, 11754.4463087072, 11889.5078435914, inf
0.0752149969, 0.0000518720, 9474.6577488331, 9937.9122604175, 0.0017971930
0.0858310014, 0.0000476480, 11823.6379940424, 10388.3986999679, inf
0.0759050027, 0.0000471040, 11815.4555456036, 11985.4919363968, inf
0.0807690024, 0.0000480640, 11543.8358778886, 11856.4814329147, 0.0010670833
0.0846749991, 0.0000469440, 11762.5444460194, 11947.7489596901, 0.0017073333
0.0750859976, 0.0000481280, 11746.3593143428, 12002.3432431615, inf
0.0751459971, 0.0000450560, 11807.2844145209, 11972.8844764356, inf
0.0731479973, 0.0000471040, 11852.3660280439, 12057.4387453370, 0.0021341667
0.0797419995, 0.0000481280, 11823.6379940424, 12061.6978194258, 0.0012195238
0.0771669969, 0.0000481280, 11662.1128848342, 7399.0610025557, 0.0011015054
0.0729409978, 0.0000500160, 11602.6729618737, 11885.3694837433, 0.0011015054
0.0689110011, 0.0000481280, 8553.7741800587, 11972.8844764356, 0.0011382222
0.0736240000, 0.0000487360, 11750.4014200944, 12019.2420016876, inf
0.0769340023, 0.0000467200, 11815.4555456036, 11977.0840150103, 0.0017971930
0.0826419964, 0.0000491520, 11827.7334696205, 12044.6795508975, 0.0018970370
0.0680930018, 0.0000471040, 11770.6537493259, 11935.2207363839, inf
0.0739279985, 0.0000481280, 11782.8386910954, 12010.7866784363, 0.0013658667
0.0690779984, 0.0000469760, 11742.3199885813, 11972.8844764356, inf
0.0751240030, 0.0000480320, 11575.1411955235, 11877.1014006242, 0.0014846377
0.0717080012, 0.0000471040, 11852.3660280439, 10319.3310748850, inf
0.0836850032, 0.0000488960, 11897.7932149110, 9935.0208108218, inf
0.0703700036, 0.0000460800, 11778.7742417366, 12023.4741291530, 0.0014227778
0.0760859996, 0.0000450560, 11790.9760106334, 10714.3603786616, 0.0015521212
0.0752239972, 0.0000512000, 11702.0790016431, 9605.2507810955, 0.0014227778
0.0833500028, 0.0000471040, 11823.6379940424, 11964.4942280289, inf
0.0697050020, 0.0000941760, 11718.1422535327, 11864.7208223747, inf
0.0746629983, 0.0000488960, 11314.3361586463, 11906.0901418391, 0.0017971930
0.0733020008, 0.0000488000, 11730.2186625883, 12023.4741291530, 0.0017971930
0.0932789966, 0.0000460800, 10529.3452133193, 11626.3760731340, 0.0011015054
0.0778710023, 0.0000471040, 11782.8386910954, 11947.7489596901, inf
0.0726419985, 0.0000475840, 11844.1437831406, 12002.3432431615, 0.0020086274
0.0686450005, 0.0000478080, 7998.7506504555, 8988.3302255316, 0.0018970370
0.0738390014, 0.0000481280, 11852.3660280439, 12061.6978194258, 0.0020086274
0.0786999986, 0.0000471040, 11852.3660280439, 11977.0840150103, inf
0.0726530030, 0.0000471040, 11718.1422535327, 11807.2844145209, inf
0.0723899975, 0.0000478720, 9404.2044965008, 11831.8317833661, inf
0.0739570037, 0.0000486720, 11835.9329382303, 12031.9473314991, inf
0.0802529976, 0.0000470400, 11786.9059464254, 11947.7489596901, 0.0015521212
0.0695900023, 0.0000471040, 11819.5453536845, 11964.4942280289, 0.0013658667
0.0826750025, 0.0000471040, 11840.0369371687, 12074.4931141423, inf
0.0831829980, 0.0000487360, 11658.1312826202, 11750.4014200944, inf
0.0869129971, 0.0000481280, 11638.2639832292, 11807.2844145209, 0.0010670833
0.0750859976, 0.0000491200, 11807.2844145209, 12023.4741291530, 0.0014846377
0.0952669978, 0.0000583680, 11754.4463087072, 12074.4931141423, 0.0010670833
0.0778419971, 0.0000466880, 11835.9329382303, 12057.4387453370, 0.0013658667
0.0734490007, 0.0000500800, 11790.9760106334, 11889.5078435914, inf
0.0751169994, 0.0000477760, 11666.0972076510, 11947.7489596901, 0.0013658667
0.0770180002, 0.0000450560, 10487.3054443472, 11889.5078435914, 0.0012195238
0.0747610033, 0.0000471040, 11750.4014200944, 12023.4741291530, inf
0.0804459974, 0.0000460800, 11823.6379940424, 10202.1710567058, 0.0013658667
0.0836810023, 0.0000460800, 11646.2027717580, 10951.4645692092, inf
0.0849839970, 0.0000460800, 10165.7238841305, 11860.5996966983, inf
0.0818160027, 0.0000478720, 11889.5078435914, 11947.7489596901, 0.0017971930
0.0744120032, 0.0000501760, 8766.7950004607, 10372.6204516386, inf
0.0706600025, 0.0000471040, 11815.4555456036, 12031.9473314991, inf
0.0741410032, 0.0000481280, 11594.7933877061, 12040.4324847653, 0.0013658667
0.0705650002, 0.0000471040, 11856.4814329147, 11840.0369371687, 0.0010670833
0.0776769966, 0.0000491520, 11815.4555456036, 11985.4919363968, 0.0341466665
0.0718910024, 0.0000471040, 11807.2844145209, 11951.9308809221, inf
0.0740590021, 0.0000491520, 11848.2534791098, 11926.8831738716, inf
0.0716340020, 0.0000460800, 11807.2844145209, 11939.3938904876, 0.0010670833
0.0758249983, 0.0000480320, 11840.0369371687, 9154.6022860039, inf
0.0798299983, 0.0000481280, 11799.1245773305, 11943.5699639015, 0.0012646914
0.0760629997, 0.0000459840, 11803.2030856531, 11939.3938904876, 0.0012195238
0.0740339980, 0.0000471040, 11848.2534791098, 11914.3986485675, inf
0.0798700005, 0.0000479040, 11835.9329382303, 8562.3536927769, inf
0.0828270018, 0.0000476800, 11823.6379940424, 12027.7092380396, inf
0.0723590031, 0.0000509760, 11718.1422535327, 11897.7932149110, 0.0011015054
0.0728290007, 0.0000479360, 11770.6537493259, 11906.0901418391, 0.0018970370
0.0811230019, 0.0000481280, 11815.4555456036, 11968.6878818067, inf
0.0747720003, 0.0000471040, 11823.6379940424, 12002.3432431615, 0.0015521212
0.0739990026, 0.0000476800, 11852.3660280439, 12031.9473314991, inf
0.0788569972, 0.0000477440, 11827.7334696205, 12040.4324847653, 0.0012646914
0.0724759996, 0.0000467520, 11750.4014200944, 12006.5634763694, 0.0011382222
0.0799179971, 0.0000488960, 11827.7334696205, 12074.4931141423, inf
0.0781909972, 0.0000480320, 11840.0369371687, 11918.5572519352, 0.0015521212
0.0725240037, 0.0000501760, 10129.5361989897, 11943.5699639015, 0.0015521212
0.0734540001, 0.0000481280, 11844.1437831406, 11856.4814329147, inf
0.0817700028, 0.0000487040, 11881.2340037559, 12010.7866784363, inf
0.0785740018, 0.0000489600, 9424.9700598384, 11881.2340037559, 0.0012646914
0.0770680010, 0.0000522240, 11778.7742417366, 9522.2159862784, inf
0.0727029964, 0.0000479360, 11795.0488866302, 11977.0840150103, 0.0018970370
0.0780220032, 0.0000480000, 11799.1245773305, 12019.2420016876, 0.0011774713
0.0755079985, 0.0000460800, 11714.1223076482, 11877.1014006242, inf
0.0744289979, 0.0000478400, 11819.5453536845, 11678.0665276315, 0.0011382222
0.0881699994, 0.0000480960, 11827.7334696205, 10303.7617763411, 0.0010670833
0.0742480010, 0.0000476800, 11706.0906845370, 11901.9402324135, inf
0.0780180022, 0.0000488000, 9466.7775233697, 11939.3938904876, inf
0.0818179995, 0.0000487360, 10084.6622937963, 11860.5996966983, 0.0017073333
0.0786560029, 0.0000480320, 11698.0700674184, 11872.9716713472, 0.0020086274
0.0785690024, 0.0000583680, 11718.1422535327, 10951.4645692092, inf
0.0786229968, 0.0000481280, 11786.9059464254, 11960.3035120121, 0.0020086274
0.0848819986, 0.0000481280, 9241.3170573192, 11658.1312826202, inf
0.0803870037, 0.0000489600, 11634.2986462673, 11579.0663027448, 0.0341466665
0.0781439990, 0.0000499520, 11852.3660280439, 11575.1411955235, 0.0011774713
0.0805879980, 0.0000481280, 11754.4463087072, 11960.3035120121, 0.0018970370
0.0756300017, 0.0000478400, 11782.8386910954, 11811.3685668608, inf
0.0763560012, 0.0000460800, 10737.9454486775, 11943.5699639015, inf
0.0775379986, 0.0000476800, 11835.9329382303, 10937.4332244697, inf
0.0777949989, 0.0000471040, 11746.3593143428, 11939.3938904876, inf
0.0827720016, 0.0000471040, 11766.5977004805, 11956.1157306703, inf
0.0807000026, 0.0000460800, 11690.0604336852, 11840.0369371687, inf
0.0853480026, 0.0000450560, 11738.2834399431, 11877.1014006242, inf
0.0816650018, 0.0000450560, 11823.6379940424, 11981.2865006296, 0.0011382222
0.0796089992, 0.0000471040, 11835.9329382303, 11939.3938904876, 0.0017971930
0.0734160021, 0.0000481280, 11766.5977004805, 11960.3035120121, 0.0020086274
0.0759899989, 0.0000471040, 11770.6537493259, 11956.1157306703, 0.0341466665
0.0743819997, 0.0000471040, 11803.2030856531, 11906.0901418391, inf
0.0702650025, 0.0000483520, 11758.4939830559, 11877.1014006242, inf
0.0708269998, 0.0000450560, 11738.2834399431, 11889.5078435914, 0.0018970370
0.0750309974, 0.0000460800, 11786.9059464254, 12040.4324847653, inf
0.0720510036, 0.0000471040, 11670.0842538600, 11786.9059464254, 0.0017971930
0.0747729987, 0.0000477760, 11844.1437831406, 12031.9473314991, inf
0.0872740000, 0.0000584000, 11790.9760106334, 12100.1653177868, 0.0013658667
0.0762230009, 0.0000471040, 11795.0488866302, 11964.4942280289, 0.0011015054
0.0817509964, 0.0000476800, 10183.9148603622, 11885.3694837433, inf
0.0844380036, 0.0000471360, 11799.1245773305, 11985.4919363968, 0.0010670833
0.0713440031, 0.0000481280, 9241.3170573192, 11868.8448129282, 0.0011774713
0.0761390030, 0.0000450560, 11762.5444460194, 11993.9116708094, 0.0015521212
0.0723320022, 0.0000450560, 10226.6147130262, 10075.7351805236, 0.0015521212
0.0744490027, 0.0000491520, 11774.7125954464, 11964.4942280289, 0.0013133333
0.0806649998, 0.0000450560, 10717.7233291885, 11985.4919363968, inf
0.0720409974, 0.0000450560, 11630.3360104886, 12036.1884126875, inf
0.0717500001, 0.0000477440, 9527.5297228779, 11914.3986485675, 0.0013133333
0.0776640028, 0.0000624640, 7935.5488093875, 7536.2318531879, inf
0.0727059990, 0.0000560960, 9514.2564855933, 7909.8138815831, inf
0.0698179975, 0.0000471040, 11844.1437831406, 11989.7003254194, 0.0010670833
0.0764369965, 0.0000490880, 10007.8155119562, 11447.0890133404, 0.0016260317
0.0838999972, 0.0000491200, 11738.2834399431, 11960.3035120121, inf
0.0801300034, 0.0000450560, 11815.4555456036, 12057.4387453370, 0.0011382222
0.0749360025, 0.0000486720, 10180.8785112685, 9522.2159862784, inf
0.0735379979, 0.0000491840, 11840.0369371687, 12015.0128524963, inf
0.0726839975, 0.0000460800, 11702.0790016431, 12002.3432431615, inf
0.0780680031, 0.0000469440, 11844.1437831406, 11956.1157306703, 0.0012646914
0.1087929979, 0.0000460800, 10220.4928245419, 12006.5634763694, inf
0.0757900029, 0.0000508800, 10214.3782610812, 7939.2389041605, inf
0.0756400004, 0.0000481280, 11872.9716713472, 11807.2844145209, 0.0015521212
0.0773420036, 0.0000552320, 10285.1405201188, 11989.7003254194, inf
0.0712080002, 0.0000450560, 11734.2496655651, 12019.2420016876, inf
0.0741529986, 0.0000480960, 11868.8448129282, 8420.8795380504, inf
0.0764589980, 0.0000480960, 9461.5313180367, 11968.6878818067, 0.0011015054
0.0736489967, 0.0000481280, 11778.7742417366, 12036.1884126875, 0.0016260317
0.0728880018, 0.0000471040, 11844.1437831406, 11989.7003254194, 0.0018970370
0.0709249973, 0.0000481280, 10677.5067313303, 11922.7187593556, inf
0.0784630030, 0.0000481280, 11799.1245773305, 12061.6978194258, 0.0010670833
0.0793880001, 0.0000488960, 11786.9059464254, 12057.4387453370, 0.0012195238
0.0736740008, 0.0000471040, 11872.9716713472, 11972.8844764356, 0.0017971930
0.0718550012, 0.0000468160, 11718.1422535327, 12019.2420016876, inf
0.0773999989, 0.0000488960, 10754.8555989904, 10857.4456365006, inf
0.0815259963, 0.0000501760, 11730.2186625883, 11065.0247980539, inf
0.0715729967, 0.0000471040, 11856.4814329147, 12002.3432431615, 0.0017073333
0.0852250010, 0.0000476480, 11827.7334696205, 10052.0066313790, 0.0011774713
0.0794980004, 0.0000481280, 11872.9716713472, 12048.9296142535, 0.0013133333
0.0744810030, 0.0000512000, 11819.5453536845, 10771.8190936260, inf
0.0692799985, 0.0000471040, 9670.5371075600, 9591.7602603355, 0.0341466665
0.0725160018, 0.0000614400, 7915.3144475648, 9479.9185249290, inf
0.0781589970, 0.0000472320, 11827.7334696205, 11998.1259756832, 0.0011774713
0.0721620023, 0.0000460800, 11815.4555456036, 11981.2865006296, 0.0011774713
0.0759069994, 0.0000481280, 11844.1437831406, 11831.8317833661, 0.0017971930
0.0731239989, 0.0000624640, 11702.0790016431, 9508.9575401822, inf
0.0755750015, 0.0000489920, 11864.7208223747, 11998.1259756832, inf
0.0706970021, 0.0000468160, 11726.1904281574, 11998.1259756832, 0.0016260317
0.0820280015, 0.0000498880, 11626.3760731340, 11803.2030856531, 0.0014227778
0.0797469988, 0.0000481280, 11666.0972076510, 11885.3694837433, inf
0.0802659988, 0.0000491520, 10297.5472034965, 11770.6537493259, inf
0.0735279992, 0.0000481280, 9514.2564855933, 12002.3432431615, 0.0012195238
0.0797550008, 0.0000480640, 11803.2030856531, 11981.2865006296, inf
0.0780949965, 0.0000508160, 11662.1128848342, 11885.3694837433, inf
0.0721139982, 0.0000481280, 10775.2182160916, 11981.2865006296, inf
0.0741060004, 0.0000471040, 11831.8317833661, 11998.1259756832, inf
0.0715079978, 0.0000471040, 11835.9329382303, 10162.6983710698, inf
0.0750650018, 0.0000471040, 11852.3660280439, 11968.6878818067, 0.0020086274
0.0735070035, 0.0000460800, 11718.1422535327, 8713.1070494500, 0.0010670833
0.0727939978, 0.0000481280, 11819.5453536845, 11943.5699639015, 0.0014227778
0.0770030022, 0.0000479040, 11881.2340037559, 12061.6978194258, inf
0.0722230002, 0.0000471040, 11666.0972076510, 11985.4919363968, 0.0014846377
0.0736929998, 0.0000467520, 11807.2844145209, 11989.7003254194, 0.0015521212
0.0753180012, 0.0000488960, 8545.2118435421, 11594.7933877061, inf
0.0716470033, 0.0000471040, 11811.3685668608, 10285.1405201188, inf
0.0720039979, 0.0000471040, 11807.2844145209, 11956.1157306703, inf
0.0709460005, 0.0000471040, 11877.1014006242, 11972.8844764356, 0.0017073333
0.0710119978, 0.0000476160, 11811.3685668608, 11889.5078435914, inf
0.0702859983, 0.0000471040, 11662.1128848342, 9695.2488718894, inf
0.0746460035, 0.0000557120, 11786.9059464254, 11872.9716713472, inf
0.0714640021, 0.0000481600, 11799.1245773305, 11989.7003254194, 0.0020086274
0.0731860027, 0.0000470400, 11774.7125954464, 11964.4942280289, 0.0011015054
0.0745770037, 0.0000476800, 11778.7742417366, 12036.1884126875, inf
0.0728709996, 0.0000477120, 11811.3685668608, 11889.5078435914, 0.0020086274
0.0699969977, 0.0000477440, 11706.0906845370, 11972.8844764356, inf
0.0736059994, 0.0000481280, 11807.2844145209, 10285.1405201188, inf
0.0784199983, 0.0000471040, 10013.6851984734, 12031.9473314991, 0.0012646914
0.0721829981, 0.0000479680, 11778.7742417366, 11951.9308809221, 0.0016260317
0.0742340013, 0.0000593920, 10084.6622937963, 10881.6655598453, inf
0.0753279999, 0.0000460800, 11868.8448129282, 12151.8386216350, inf
0.0728709996, 0.0000471040, 11827.7334696205, 12053.1826780072, 0.0021341667
0.0714860037, 0.0000471040, 11786.9059464254, 11807.2844145209, inf
0.0705970004, 0.0000479680, 9961.1045877463, 12031.9473314991, inf
0.0774409994, 0.0000489920, 11738.2834399431, 11840.0369371687, inf
0.0760189965, 0.0000471040, 11860.5996966983, 10445.6000387869, inf
0.0731019974, 0.0000481280, 11726.1904281574, 12002.3432431615, 0.0014846377
0.0713289976, 0.0000481280, 7826.4190985089, 12002.3432431615, 0.0013133333
0.0735229999, 0.0000450560, 11555.5555082215, 11864.7208223747, 0.0011015054
0.0719529986, 0.0000491520, 11790.9760106334, 12027.7092380396, inf
0.0773029998, 0.0000471040, 11856.4814329147, 12006.5634763694, 0.0016260317
0.0723709986, 0.0000471040, 11852.3660280439, 12057.4387453370, inf
0.0753540024, 0.0000480000, 11782.8386910954, 11985.4919363968, 0.0014227778
0.0726410002, 0.0000491840, 9430.1757875710, 11811.3685668608, inf
0.0711729974, 0.0000479040, 11702.0790016431, 11926.8831738716, 0.0011774713
0.0757960007, 0.0000478080, 11563.3818241769, 10052.0066313790, 0.0014846377
0.0754659995, 0.0000460800, 11782.8386910954, 11981.2865006296, inf
0.0732219964, 0.0000471040, 11774.7125954464, 11956.1157306703, 0.0012646914
0.0817539990, 0.0000476800, 11827.7334696205, 12002.3432431615, 0.0017073333
0.0719669983, 0.0000471040, 11782.8386910954, 11968.6878818067, 0.0011015054
0.0716269985, 0.0000460800, 11770.6537493259, 11922.7187593556, 0.0012195238
0.0745880008, 0.0000481280, 11778.7742417366, 12044.6795508975, 0.0012646914
0.0768980011, 0.0000471040, 11877.1014006242, 12027.7092380396, 0.0012646914
0.0715100020, 0.0000466880, 9964.0112421344, 11989.7003254194, inf
0.0732029974, 0.0000480640, 11714.1223076482, 9522.2159862784, inf
0.0769679993, 0.0000471040, 11844.1437831406, 12095.8790388928, inf
0.0702020004, 0.0000470720, 11766.5977004805, 12010.7866784363, 0.0011382222
0.0763050020, 0.0000481280, 10731.1962686343, 11762.5444460194, 0.0010670833
0.0846130028, 0.0000460800, 11885.3694837433, 11951.9308809221, inf
0.0759759992, 0.0000487360, 10114.5339238135, 10765.0272783085, 0.0020086274
0.0721400008, 0.0000488640, 11706.0906845370, 11943.5699639015, inf
0.0735009983, 0.0000476800, 11742.3199885813, 11981.2865006296, 0.0013658667
0.0832130015, 0.0000481280, 11786.9059464254, 12006.5634763694, 0.0017073333
0.0734720007, 0.0000471040, 11774.7125954464, 11985.4919363968, 0.0012195238
0.0787680000, 0.0000471040, 11835.9329382303, 12010.7866784363, 0.0011015054
0.0731759965, 0.0000499520, 11738.2834399431, 11872.9716713472, inf
0.0708139986, 0.0000460800, 11758.4939830559, 11690.0604336852, 0.0015521212
0.0735099986, 0.0000487680, 11872.9716713472, 12031.9473314991, inf
0.0775400028, 0.0000477120, 11811.3685668608, 11989.7003254194, 0.0012195238
0.0810199976, 0.0000481280, 11758.4939830559, 11998.1259756832, inf
0.0816610008, 0.0000481280, 11799.1245773305, 11947.7489596901, inf
0.0731709972, 0.0000481280, 10353.7497049104, 11848.2534791098, 0.0012195238
0.0795919970, 0.0000481280, 11750.4014200944, 12036.1884126875, 0.0012646914
0.0771199986, 0.0000471040, 11790.9760106334, 11926.8831738716, 0.0014846377
0.0754519999, 0.0000460800, 8941.2585825594, 10588.1136517192, inf
0.0726699978, 0.0000481280, 11738.2834399431, 11947.7489596901, 0.0013133333
0.0869600028, 0.0000733120, 11807.2844145209, 12130.2545388257, inf
0.0765080005, 0.0000470400, 11856.4814329147, 11993.9116708094, inf
0.0777190030, 0.0000478400, 11795.0488866302, 12057.4387453370, inf
0.0736090019, 0.0000471040, 10451.9946516053, 12031.9473314991, 0.0012195238
0.0701140016, 0.0000470080, 11606.6167664155, 11972.8844764356, inf
0.0753920004, 0.0000481280, 11718.1422535327, 12070.2250006343, 0.0017073333
0.0738700032, 0.0000460800, 11646.2027717580, 11815.4555456036, inf
0.0795250013, 0.0000481280, 11646.2027717580, 11985.4919363968, inf
0.0710209981, 0.0000491520, 8441.6975344362, 11943.5699639015, 0.0011382222
0.0732619986, 0.0000478080, 11738.2834399431, 11977.0840150103, inf
0.0776719972, 0.0000450560, 11678.0665276315, 11935.2207363839, inf
0.0772460029, 0.0000478080, 11778.7742417366, 12027.7092380396, inf
0.0765680000, 0.0000460800, 9304.2688083909, 11993.9116708094, inf
0.0724700019, 0.0000481280, 11738.2834399431, 11803.2030856531, 0.0017971930
0.0747800022, 0.0000471040, 11852.3660280439, 11803.2030856531, 0.0017073333
0.0755020007, 0.0000491520, 11815.4555456036, 11989.7003254194, inf
0.0801159963, 0.0000481280, 11811.3685668608, 11964.4942280289, 0.0017073333
0.0801620036, 0.0000450560, 11815.4555456036, 11972.8844764356, 0.0016260317
0.0712530017, 0.0000471040, 11698.0700674184, 11881.2340037559, 0.0011382222
0.0761310011, 0.0000480000, 9278.9854692376, 11981.2865006296, 0.0013658667
0.0718559995, 0.0000481280, 11811.3685668608, 11807.2844145209, inf
0.0763569996, 0.0000552960, 11543.8358778886, 12070.2250006343, 0.0010670833
0.0807799995, 0.0000532480, 7983.7892276817, 11977.0840150103, 0.0017073333
0.0731789991, 0.0000478720, 10700.9296542759, 11910.2429462136, inf
0.0849879980, 0.0000573120, 11823.6379940424, 12138.8789643777, 0.0014227778
0.0752260014, 0.0000450560, 11807.2844145209, 12006.5634763694, 0.0011774713
0.0831570029, 0.0000498560, 11682.0617607918, 9445.8275316167, 0.0012646914
0.0746650025, 0.0000471040, 11840.0369371687, 12015.0128524963, inf
0.0729620010, 0.0000480960, 7917.1496700196, 9514.2564855933, 0.0011015054
0.0735360011, 0.0000469440, 11694.0638790392, 11893.6490863094, 0.0018970370
0.0994139984, 0.0000532480, 11458.6129284545, 8418.8033843182, 0.0016260317
0.0737769976, 0.0000471040, 11770.6537493259, 11985.4919363968, 0.0012646914
0.0729570016, 0.0000477120, 11726.1904281574, 11852.3660280439, 0.0013658667
0.0727130026, 0.0000520320, 11563.3818241769, 10737.9454486775, 0.0016260317
0.0931809992, 0.0000460800, 11770.6537493259, 12147.5156623246, inf
0.0724480003, 0.0000471040, 11868.8448129282, 11977.0840150103, 0.0017073333
0.0729100034, 0.0000480640, 11799.1245773305, 11864.7208223747, inf
0.0726239979, 0.0000481280, 11682.0617607918, 11964.4942280289, inf
0.0855309963, 0.0000471040, 11811.3685668608, 10385.2392113122, inf
0.0734020025, 0.0000480960, 11774.7125954464, 11868.8448129282, 0.0012195238
0.0702160001, 0.0000480000, 11766.5977004805, 12002.3432431615, 0.0011015054
0.0708770007, 0.0000491520, 11815.4555456036, 11985.4919363968, 0.0015521212
0.0736289993, 0.0000450560, 11827.7334696205, 11964.4942280289, inf
0.0737370029, 0.0000471040, 11831.8317833661, 12019.2420016876, 0.0010670833
0.0702390000, 0.0000491520, 11799.1245773305, 11831.8317833661, inf
0.0840239972, 0.0000471040, 11590.8576126254, 11790.9760106334, 0.0013658667
0.0816920027, 0.0000491520, 9430.1757875710, 11819.5453536845, 0.0013133333
0.0985689983, 0.0000573440, 11738.2834399431, 12147.5156623246, 0.0010670833
0.0720399991, 0.0000476480, 11877.1014006242, 12002.3432431615, inf
0.0819109976, 0.0000471040, 11848.2534791098, 12117.3408540789, inf
0.0757509992, 0.0000488000, 11706.0906845370, 11951.9308809221, 0.0015521212
0.0722810030, 0.0000471040, 11774.7125954464, 11968.6878818067, inf
0.0717189983, 0.0000471040, 8143.7315828272, 12015.0128524963, inf
0.0724920034, 0.0000621440, 11831.8317833661, 11827.7334696205, 0.0010670833
0.0767920017, 0.0000460800, 11823.6379940424, 12108.7469953172, 0.0011015054
0.0827570036, 0.0000481280, 10153.6326276522, 9437.9951704794, 0.0016260317
0.0828889981, 0.0000460800, 11582.9940728611, 11835.9329382303, 0.0011015054
0.0879170001, 0.0000460800, 11827.7334696205, 12036.1884126875, 0.0341466665
0.0797120035, 0.0000477440, 11532.1399955402, 11885.3694837433, inf
0.0810429975, 0.0000481280, 11790.9760106334, 11956.1157306703, 0.0012646914
0.0781660005, 0.0000471040, 11877.1014006242, 11989.7003254194, 0.0014846377
0.0740929991, 0.0000471040, 11730.2186625883, 11848.2534791098, 0.0014227778
0.0745230019, 0.0000481280, 10211.3237221275, 11977.0840150103, 0.0015521212
0.0771439970, 0.0000491520, 11786.9059464254, 11968.6878818067, inf
0.0793609992, 0.0000500480, 11844.1437831406, 12121.6423595294, 0.0014227778
0.0763560012, 0.0000460800, 11799.1245773305, 12121.6423595294, inf
0.0839670002, 0.0000460480, 11654.1523982234, 12121.6423595294, 0.0013133333
0.0794000030, 0.0000477440, 11778.7742417366, 12023.4741291530, inf
0.0725009963, 0.0000491520, 11831.8317833661, 12091.5957956071, 0.0011382222
0.0705410019, 0.0000480640, 11658.1312826202, 11893.6490863094, inf
0.0713559985, 0.0000471040, 10826.4637053882, 12019.2420016876, 0.0017971930
0.0777579993, 0.0000471040, 11823.6379940424, 12061.6978194258, inf
0.0810619965, 0.0000501760, 11610.5632529053, 11985.4919363968, 0.0010347475
0.0707350001, 0.0000486720, 10717.7233291885, 12023.4741291530, 0.0013133333
0.0707520023, 0.0000478400, 11807.2844145209, 12015.0128524963, inf
0.0802149996, 0.0000471040, 11782.8386910954, 11947.7489596901, inf
0.0888959989, 0.0000450560, 11762.5444460194, 12002.3432431615, 0.0011015054
0.0768470019, 0.0000474240, 11803.2030856531, 12006.5634763694, 0.0011774713
0.0751530007, 0.0000471040, 11852.3660280439, 12015.0128524963, inf
0.0731299967, 0.0000460800, 11799.1245773305, 10382.0816439022, 0.0011015054
0.0740789995, 0.0000488960, 9399.0273952090, 10912.9646937662, 0.0011382222
0.0737090036, 0.0000624640, 8504.7737302103, 9580.9950973048, inf
0.0754659995, 0.0000471040, 11746.3593143428, 11972.8844764356, 0.0015521212
0.0778290033, 0.0000487360, 8536.6666316986, 11964.4942280289, inf
0.0779049993, 0.0000471040, 11848.2534791098, 11914.3986485675, inf
0.0819209963, 0.0000474240, 11835.9329382303, 12002.3432431615, 0.0011015054
0.0816510022, 0.0000460800, 11823.6379940424, 12015.0128524963, 0.0017073333
0.0726360008, 0.0000481280, 7976.3294853526, 11922.7187593556, 0.0011015054
0.0748919994, 0.0000479680, 11782.8386910954, 11985.4919363968, 0.0014846377
0.0743520036, 0.0000479680, 11758.4939830559, 11827.7334696205, 0.0014846377
0.0786039978, 0.0000481280, 11799.1245773305, 11931.0504985305, inf
0.0813060030, 0.0000488960, 11762.5444460194, 11840.0369371687, 0.0011382222
0.0809760019, 0.0000481280, 11807.2844145209, 11968.6878818067, 0.0010670833
0.0765919983, 0.0000498240, 11807.2844145209, 8901.6336096961, inf
0.0810519978, 0.0000471040, 11790.9760106334, 12040.4324847653, inf
0.0724790022, 0.0000481280, 7659.6380724079, 10771.8190936260, 0.0018970370
0.0735789984, 0.0000500480, 11770.6537493259, 12006.5634763694, 0.0017073333
0.0747390017, 0.0000479360, 11786.9059464254, 12027.7092380396, inf
0.0724079981, 0.0000478080, 11844.1437831406, 12019.2420016876, inf
0.0772399977, 0.0000498240, 11412.6559247308, 11901.9402324135, inf
0.0718339980, 0.0000471040, 11778.7742417366, 11939.3938904876, inf
0.0747750029, 0.0000491520, 10150.6143064193, 11489.4571086119, 0.0014227778
0.0716900006, 0.0000471040, 11766.5977004805, 11951.9308809221, inf
0.0749159977, 0.0000450560, 10260.4166246377, 11981.2865006296, inf
0.0735220015, 0.0000471360, 11827.7334696205, 12036.1884126875, inf
0.0779170021, 0.0000487680, 11754.4463087072, 12023.4741291530, 0.0013658667
0.0770569965, 0.0000479680, 11811.3685668608, 11972.8844764356, inf
0.0738279969, 0.0000471040, 11803.2030856531, 11981.2865006296, inf
0.0797429979, 0.0000500160, 11815.4555456036, 12130.2545388257, 0.0015521212
0.0807100013, 0.0000471040, 11844.1437831406, 12010.7866784363, inf
0.0752660036, 0.0000480000, 11811.3685668608, 12015.0128524963, inf
0.0703919977, 0.0000481280, 10226.6147130262, 11827.7334696205, 0.0013133333
0.0751110017, 0.0000487360, 11782.8386910954, 12002.3432431615, inf
0.0713049993, 0.0000471360, 11848.2534791098, 10229.6784082668, inf
0.0835779980, 0.0000471040, 11790.9760106334, 11972.8844764356, 0.0017971930
0.0775030032, 0.0000478720, 10710.9995378903, 12019.2420016876, 0.0014846377
0.0829410031, 0.0000460800, 11650.1762288620, 11889.5078435914, 0.0010670833
0.0736600012, 0.0000471040, 11807.2844145209, 11960.3035120121, inf
0.0793420002, 0.0000481280, 11782.8386910954, 11981.2865006296, 0.0017073333
0.0771130025, 0.0000469760, 11840.0369371687, 12036.1884126875, inf
0.0775019974, 0.0000550400, 8787.0989518256, 8887.7320475779, 0.0013658667
0.0808710009, 0.0000481280, 11807.2844145209, 11914.3986485675, inf
0.0731400028, 0.0000481280, 11848.2534791098, 11901.9402324135, inf
0.0878020003, 0.0000479360, 11856.4814329147, 11985.4919363968, inf
0.1039189994, 0.0000450560, 10867.8123891771, 11807.2844145209, 0.0013658667
0.0776930004, 0.0000471040, 11848.2534791098, 12036.1884126875, inf
0.0790359974, 0.0000474560, 11831.8317833661, 11960.3035120121, 0.0012646914
0.0732610002, 0.0000470080, 9422.3693506607, 11901.9402324135, 0.0011382222
0.0743030012, 0.0000450560, 10506.6666236291, 12002.3432431615, inf
0.0712120011, 0.0000488640, 11642.2320241372, 11877.1014006242, 0.0012195238
0.0819059983, 0.0000468800, 11844.1437831406, 12015.0128524963, 0.0341466665
0.0774239972, 0.0000498880, 11638.2639832292, 10266.5864482244, 0.0014227778
0.0975449979, 0.0000517440, 11559.4673415012, 11960.3035120121, inf
0.0797379985, 0.0000478400, 11848.2534791098, 11881.2340037559, inf
0.0819009990, 0.0000471040, 11770.6537493259, 12019.2420016876, 0.0014846377
0.0797590017, 0.0000507520, 11614.5124240797, 11906.0901418391, 0.0011774713
0.0798169971, 0.0000450560, 11630.3360104886, 11981.2865006296, inf
0.0791099966, 0.0000491520, 11622.4188314481, 11868.8448129282, 0.0015521212
0.0774720013, 0.0000481280, 11734.2496655651, 12006.5634763694, 0.0020086274
0.0791729987, 0.0000491520, 10147.5977791365, 10388.3986999679, inf
0.0724140033, 0.0000542720, 9375.8008036229, 10902.5116624503, 0.0016260317
0.0759930015, 0.0000487360, 11590.8576126254, 11844.1437831406, 0.0014846377
0.0782900006, 0.0000491520, 11634.2986462673, 11778.7742417366, 0.0012195238
0.0781610012, 0.0000491520, 11750.4014200944, 11935.2207363839, inf
0.0779180005, 0.0000471040, 11819.5453536845, 11998.1259756832, inf
0.0744939968, 0.0000491520, 8294.0652238995, 9559.5371015662, inf
0.0748080015, 0.0000460800, 11831.8317833661, 11972.8844764356, inf
0.0733390003, 0.0000488640, 10238.8805177794, 11881.2340037559, 0.0011382222
0.0848419964, 0.0000488000, 11823.6379940424, 11947.7489596901, 0.0013658667
0.0830229968, 0.0000471040, 11462.4593913375, 9485.1851463318, 0.0011015054
0.0819209963, 0.0000450560, 8744.3448212022, 11881.2340037559, 0.0012195238
0.0770180002, 0.0000491520, 11678.0665276315, 11968.6878818067, 0.0016260317
0.0750190020, 0.0000491200, 11650.1762288620, 11939.3938904876, inf
0.0694419965, 0.0000460800, 11690.0604336852, 11931.0504985305, 0.0011015054
0.0708430037, 0.0000481280, 11770.6537493259, 11947.7489596901, 0.0013658667
0.0734520033, 0.0000481280, 11524.3558983444, 11998.1259756832, inf
0.0755079985, 0.0000665600, 11774.7125954464, 8498.4237249364, 0.0010670833
0.0732799992, 0.0000501760, 11823.6379940424, 11819.5453536845, inf
0.0738720000, 0.0000480960, 11774.7125954464, 11960.3035120121, 0.0014227778
0.0808179975, 0.0000481280, 11827.7334696205, 12091.5957956071, inf
0.0826200023, 0.0000460800, 11831.8317833661, 11831.8317833661, 0.0010670833
0.0792070031, 0.0000481600, 11823.6379940424, 12040.4324847653, inf
0.0711549968, 0.0000471040, 11782.8386910954, 7403.8739216814, inf
0.0833460018, 0.0000573440, 11714.1223076482, 12104.4546355173, 0.0020086274
0.0738969967, 0.0000487680, 11754.4463087072, 9572.9370694686, 0.0011015054
0.0728759989, 0.0000460480, 11848.2534791098, 11968.6878818067, 0.0012646914
0.0751880035, 0.0000460800, 11750.4014200944, 11926.8831738716, 0.0014227778
0.0694679990, 0.0000481280, 11803.2030856531, 11972.8844764356, 0.0012195238
0.1202059984, 0.0000469440, 11738.2834399431, 11906.0901418391, 0.0013133333
0.0703710020, 0.0000471040, 11786.9059464254, 11981.2865006296, 0.0013658667
0.0775429979, 0.0000481280, 11481.7305066558, 11848.2534791098, inf
0.0726720020, 0.0000478400, 11718.1422535327, 11943.5699639015, 0.0012646914
0.0710150003, 0.0000471040, 11610.5632529053, 11835.9329382303, inf
0.0779339969, 0.0000674880, 11666.0972076510, 10795.6580862455, inf
0.0797370002, 0.0000450560, 11626.3760731340, 10795.6580862455, inf
0.0746029988, 0.0000460800, 11782.8386910954, 9662.3278230884, 0.0013133333
0.0847179964, 0.0000450560, 11774.7125954464, 11914.3986485675, inf
0.0732449964, 0.0000470400, 11795.0488866302, 12078.7642471859, inf
0.0731609985, 0.0000450560, 11730.2186625883, 11914.3986485675, inf
0.0766900033, 0.0000510400, 9466.7775233697, 12002.3432431615, inf
0.0687839985, 0.0000471040, 11762.5444460194, 12040.4324847653, inf
0.0722699985, 0.0000479040, 11885.3694837433, 12002.3432431615, 0.0011382222
0.0721869990, 0.0000480320, 11762.5444460194, 10979.6355391622, 0.0012646914
0.0709630027, 0.0000481280, 9414.5758276246, 10857.4456365006, 0.0018970370
0.0788960010, 0.0000479680, 11726.1904281574, 11951.9308809221, 0.0017073333
0.0822499990, 0.0000489280, 11795.0488866302, 12048.9296142535, inf
0.0767560005, 0.0000501760, 10278.9483825390, 11860.5996966983, 0.0017073333
0.0743639991, 0.0000477760, 11831.8317833661, 12019.2420016876, 0.0017971930
0.0734380037, 0.0000471040, 11881.2340037559, 11947.7489596901, inf
0.0704450011, 0.0000470400, 11770.6537493259, 11935.2207363839, 0.0012195238
0.0773729980, 0.0000507840, 11827.7334696205, 10836.7713509344, 0.0020086274
0.0782620013, 0.0000490560, 11848.2534791098, 12002.3432431615, 0.0011774713
0.0793360025, 0.0000489600, 11795.0488866302, 12010.7866784363, inf
0.0791599974, 0.0000501760, 11738.2834399431, 12019.2420016876, inf
0.0756520033, 0.0000491520, 11795.0488866302, 11897.7932149110, inf
0.0811640024, 0.0000476480, 11795.0488866302, 12006.5634763694, inf
0.0812710002, 0.0000491520, 11528.2466329488, 10604.5548219858, inf
0.0783390030, 0.0000481280, 11868.8448129282, 11998.1259756832, 0.0010670833
0.0806310028, 0.0000487680, 11630.3360104886, 12074.4931141423, 0.0012195238
0.0794769973, 0.0000460480, 11823.6379940424, 11956.1157306703, inf
0.0755240023, 0.0000476480, 11778.7742417366, 11926.8831738716, inf
0.0757509992, 0.0000478080, 10159.6746583738, 10990.2370540053, 0.0020086274
0.0888099968, 0.0000501760, 11408.8428088187, 8530.2689300011, inf
0.0826719999, 0.0000460800, 11710.1051189281, 10888.6053975748, 0.0017971930
0.0824280009, 0.0000471040, 11754.4463087072, 11989.7003254194, inf
0.0789629966, 0.0000460800, 11474.0142899175, 9443.2153005516, inf
0.0777089968, 0.0000460800, 10788.8361854011, 11926.8831738716, 0.0341466665
0.0751399994, 0.0000491520, 11856.4814329147, 12015.0128524963, inf
0.0770870000, 0.0000481280, 11811.3685668608, 12070.2250006343, 0.0017073333
0.0876210034, 0.0000491520, 11811.3685668608, 12036.1884126875, 0.0012195238
0.0719209984, 0.0000471040, 11831.8317833661, 11960.3035120121, 0.0011382222
0.0735900030, 0.0000481280, 11770.6537493259, 10338.0764537676, inf
0.0767889991, 0.0000479360, 11758.4939830559, 11856.4814329147, 0.0016260317
0.0822279975, 0.0000450560, 10657.5114003728, 11922.7187593556, inf
0.0806170031, 0.0000500800, 11662.1128848342, 11956.1157306703, 0.0010670833
0.0816410035, 0.0000440320, 11811.3685668608, 12015.0128524963, 0.0013658667
0.0818749964, 0.0000440320, 9406.7951864447, 11926.8831738716, 0.0013133333
0.0877540037, 0.0000430080, 11702.0790016431, 12010.7866784363, 0.0011015054
0.0830430016, 0.0000470720, 11815.4555456036, 12065.9599034609, 0.0013133333
0.0800819993, 0.0000440320, 11551.6463216490, 11877.1014006242, 0.0012646914
0.0834100023, 0.0000480000, 10322.4505824651, 10316.2134522038, inf
0.0806349963, 0.0000440320, 11856.4814329147, 12040.4324847653, 0.0020086274
0.0797910020, 0.0000430080, 11726.1904281574, 11993.9116708094, inf
0.0788920000, 0.0000409600, 11840.0369371687, 10150.6143064193, 0.0021341667
0.0771600008, 0.0000409600, 9466.7775233697, 11746.3593143428, inf
0.0775680020, 0.0000435520, 11827.7334696205, 11981.2865006296, 0.0014227778
0.0763539970, 0.0000447360, 11803.2030856531, 12031.9473314991, 0.0014227778
0.0770249963, 0.0000409600, 8439.6111040026, 11877.1014006242, inf
0.0757459998, 0.0000409600, 10156.6527444362, 10211.3237221275, 0.0015521212
0.0751070008, 0.0000409600, 11815.4555456036, 12031.9473314991, 0.0013133333
0.0773949996, 0.0000430080, 11803.2030856531, 12053.1826780072, 0.0016260317
0.0753559992, 0.0000430080, 11823.6379940424, 11960.3035120121, inf
0.0738869980, 0.0000430080, 11746.3593143428, 11935.2207363839, 0.0013658667
0.0719460025, 0.0000430080, 11575.1411955235, 11947.7489596901, inf
0.0698760003, 0.0000467200, 11686.0597285402, 8922.5676840330, 0.0010670833
0.0777579993, 0.0000419520, 10257.3344928791, 12078.7642471859, inf
0.0719539970, 0.0000424960, 11844.1437831406, 10028.3895820248, 0.0017073333
0.0750520006, 0.0000429120, 11750.4014200944, 11926.8831738716, inf
0.0821110010, 0.0000409600, 11815.4555456036, 12108.7469953172, inf
0.0882299989, 0.0000437760, 11807.2844145209, 12070.2250006343, 0.0011382222
0.0749140009, 0.0000429760, 11856.4814329147, 10226.6147130262, 0.0014846377
0.0771209970, 0.0000438080, 11754.4463087072, 11778.7742417366, 0.0020086274
0.0740329996, 0.0000419840, 11827.7334696205, 11931.0504985305, inf
0.0727960020, 0.0000481280, 11799.1245773305, 11951.9308809221, 0.0018970370
0.0717270002, 0.0000481280, 11678.0665276315, 11972.8844764356, inf
0.0774189979, 0.0000481280, 11795.0488866302, 10416.9208440496, 0.0012195238
0.0763939992, 0.0000490560, 11694.0638790392, 11935.2207363839, 0.0018970370
0.0771050006, 0.0000491520, 11746.3593143428, 12061.6978194258, 0.0013658667
0.0794709995, 0.0000491520, 11754.4463087072, 11985.4919363968, 0.0011015054
0.0735109970, 0.0000471040, 11742.3199885813, 10168.7511991645, inf
0.0785439983, 0.0000481280, 11766.5977004805, 11989.7003254194, inf
0.0767870024, 0.0000478400, 11795.0488866302, 11968.6878818067, inf
0.0715690032, 0.0000510720, 8454.2378130216, 10899.0317672501, inf
0.0745640025, 0.0000480320, 11774.7125954464, 11918.5572519352, inf
0.0752360001, 0.0000481280, 11795.0488866302, 12010.7866784363, 0.0013658667
0.1133499965, 0.0000470720, 10853.9944458978, 11964.4942280289, 0.0341466665
0.0760980025, 0.0000471040, 11778.7742417366, 11881.2340037559, 0.0012195238
0.0807190016, 0.0000476800, 11758.4939830559, 11947.7489596901, 0.0018970370
0.0721779987, 0.0000481280, 11799.1245773305, 12015.0128524963, 0.0017971930
0.0703240037, 0.0000481280, 9076.7321974467, 11770.6537493259, 0.0013133333
0.0753889978, 0.0000460800, 11819.5453536845, 12010.7866784363, 0.0017971930
0.0815190002, 0.0000471040, 11848.2534791098, 11998.1259756832, 0.0017971930
0.0765750036, 0.0000487360, 11819.5453536845, 11951.9308809221, 0.0015521212
0.0710529983, 0.0000450560, 11795.0488866302, 12002.3432431615, inf
0.0791229978, 0.0000481280, 11734.2496655651, 12010.7866784363, inf
0.0834510028, 0.0000450880, 11666.0972076510, 11977.0840150103, inf
0.0788860023, 0.0000501120, 11766.5977004805, 11922.7187593556, inf
0.0761059970, 0.0000481280, 11807.2844145209, 11947.7489596901, 0.0011015054
0.0874029994, 0.0000481280, 11864.7208223747, 12044.6795508975, 0.0014227778
0.1131900027, 0.0000478080, 11778.7742417366, 12019.2420016876, 0.0012646914
0.0769400001, 0.0000466880, 11840.0369371687, 12070.2250006343, inf
0.0732889995, 0.0000460800, 11860.5996966983, 12002.3432431615, inf
0.1115679964, 0.0000460800, 11803.2030856531, 11985.4919363968, 0.0017073333
0.0820889995, 0.0000460800, 11702.0790016431, 11910.2429462136, 0.0020086274
0.0808760002, 0.0000460800, 11803.2030856531, 12019.2420016876, 0.0012195238
0.0789259970, 0.0000450560, 11710.1051189281, 9952.3947906716, inf
0.0903259963, 0.0000471040, 11670.0842538600, 11964.4942280289, inf
0.0786890015, 0.0000460800, 11840.0369371687, 11993.9116708094, 0.0017971930
0.0843899995, 0.0000471040, 11778.7742417366, 10947.9533590235, 0.0013133333
0.0833690017, 0.0000460800, 11852.3660280439, 11985.4919363968, 0.0011015054
0.0832180008, 0.0000481280, 11786.9059464254, 12027.7092380396, 0.0341466665
0.0756009966, 0.0000491520, 11786.9059464254, 10899.0317672501, 0.0017971930
0.0749960020, 0.0000471040, 10202.1710567058, 11618.4642826793, 0.0012195238
0.0833529979, 0.0000500800, 8412.5810610481, 11754.4463087072, inf
0.0763029978, 0.0000450560, 11646.2027717580, 11985.4919363968, 0.0015521212
0.0740649998, 0.0000460800, 9935.0208108218, 12031.9473314991, inf
0.0803520009, 0.0000470720, 11835.9329382303, 12044.6795508975, 0.0017971930
0.0792509988, 0.0000460800, 11856.4814329147, 12104.4546355173, inf
0.0775440037, 0.0000450560, 11508.8191866513, 11897.7932149110, inf
0.0810270011, 0.0000471040, 11844.1437831406, 12019.2420016876, inf
0.0830459967, 0.0000471040, 11774.7125954464, 11881.2340037559, 0.0018970370
0.0783440024, 0.0000481280, 11799.1245773305, 8412.5810610481, inf
0.0781000033, 0.0000491520, 11860.5996966983, 12015.0128524963, inf
0.0706110001, 0.0000481280, 11815.4555456036, 12027.7092380396, 0.0014846377
0.0689579993, 0.0000471040, 11782.8386910954, 11926.8831738716, 0.0341466665
0.0825830027, 0.0000481280, 10737.9454486775, 11939.3938904876, 0.0017073333
0.0726779997, 0.0000471360, 9451.0563318003, 8427.1141477775, 0.0011382222
0.0720700026, 0.0000610880, 11734.2496655651, 11972.8844764356, 0.0013658667
0.0697830021, 0.0000471040, 11674.0740262545, 11856.4814329147, 0.0013133333
0.0836749971, 0.0000478080, 11831.8317833661, 12053.1826780072, inf
0.0745680034, 0.0000476800, 11790.9760106334, 12027.7092380396, inf
0.0706600025, 0.0000471040, 9071.9092791696, 11877.1014006242, inf
0.0751369968, 0.0000480960, 11795.0488866302, 11926.8831738716, 0.0012646914
0.0786980018, 0.0000450560, 11754.4463087072, 11989.7003254194, inf
0.0764750019, 0.0000481280, 11827.7334696205, 12048.9296142535, 0.0010670833
0.0744829997, 0.0000471040, 11786.9059464254, 12091.5957956071, 0.0013133333
0.0734610036, 0.0000460800, 11742.3199885813, 10958.4937505759, inf
0.0985319987, 0.0000471040, 11786.9059464254, 12006.5634763694, inf
0.0730160028, 0.0000532480, 11698.0700674184, 11981.2865006296, inf
0.0951640010, 0.0000460800, 11844.1437831406, 11993.9116708094, inf
0.1022939980, 0.0000501760, 11770.6537493259, 11960.3035120121, 0.0017073333
0.0748689994, 0.0000477440, 11835.9329382303, 11939.3938904876, 0.0012646914
0.0725700036, 0.0000480960, 11831.8317833661, 11951.9308809221, inf
0.0830210000, 0.0000491520, 11786.9059464254, 11993.9116708094, inf
0.0771960020, 0.0000481280, 11811.3685668608, 12036.1884126875, 0.0011382222
0.0747769997, 0.0000481280, 11734.2496655651, 11951.9308809221, 0.0011015054
0.0731189996, 0.0000480640, 11766.5977004805, 11968.6878818067, inf
0.0706449971, 0.0000477440, 11774.7125954464, 12010.7866784363, 0.0010670833
0.0814329982, 0.0000460800, 11646.2027717580, 9322.0492838642, inf
0.0846640021, 0.0000450560, 11835.9329382303, 10829.8974078003, inf
0.0783519968, 0.0000450560, 11614.5124240797, 11951.9308809221, 0.0011382222
0.0812060013, 0.0000476800, 11754.4463087072, 11968.6878818067, inf
0.0859040022, 0.0000478080, 11299.3602007923, 11811.3685668608, 0.0016260317
0.0861570016, 0.0000478400, 11786.9059464254, 11985.4919363968, 0.0014227778
0.0790949985, 0.0000476480, 11819.5453536845, 12019.2420016876, 0.0017971930
0.0762989968, 0.0000481280, 11539.9346153411, 11877.1014006242, 0.0011015054
0.0791739970, 0.0000471040, 11799.1245773305, 12036.1884126875, 0.0015521212
0.0714609995, 0.0000460800, 11835.9329382303, 12010.7866784363, inf
0.0703210011, 0.0000479040, 11758.4939830559, 11935.2207363839, 0.0016260317
0.0708220005, 0.0000471040, 11551.6463216490, 11956.1157306703, 0.0017971930
0.0738010034, 0.0000469760, 11766.5977004805, 11985.4919363968, 0.0011015054
0.0820539966, 0.0000522240, 10850.5454486160, 11555.5555082215, inf
0.0813969970, 0.0000460800, 11823.6379940424, 10156.6527444362, inf
0.0849199966, 0.0000450560, 11634.2986462673, 11856.4814329147, inf
0.0768489987, 0.0000471040, 11835.9329382303, 9837.7028311133, inf
0.0774789974, 0.0000469760, 11799.1245773305, 11977.0840150103, inf
0.0752250031, 0.0000480960, 11799.1245773305, 11985.4919363968, inf
0.0766149983, 0.0000470400, 11840.0369371687, 11844.1437831406, 0.0020086274
0.0715750009, 0.0000471040, 11598.7318365470, 11758.4939830559, 0.0013133333
0.0818979964, 0.0000480960, 11782.8386910954, 8938.9179389514, inf
0.0821169987, 0.0000481280, 11889.5078435914, 12015.0128524963, inf
0.0729809999, 0.0000458240, 11815.4555456036, 12040.4324847653, 0.0011774713
0.0840879977, 0.0000481280, 11795.0488866302, 10972.5792181216, 0.0010670833
0.0752590001, 0.0000450560, 11848.2534791098, 12023.4741291530, 0.0017971930
0.0758759975, 0.0000468480, 11774.7125954464, 11872.9716713472, inf
0.0778430030, 0.0000477760, 11840.0369371687, 12006.5634763694, 0.0011015054
0.0734449998, 0.0000471040, 11774.7125954464, 11910.2429462136, inf
0.0760539994, 0.0000478080, 11594.7933877061, 11786.9059464254, inf
0.0716129988, 0.0000460800, 11674.0740262545, 11889.5078435914, 0.0017971930
0.0749640018, 0.0000467520, 8751.0677926177, 11977.0840150103, 0.0011015054
0.0751359984, 0.0000450560, 11819.5453536845, 11931.0504985305, 0.0020086274
0.0724579990, 0.0000491520, 11586.9245085831, 12061.6978194258, 0.0013133333
0.0791290030, 0.0000479360, 10313.0977127135, 11682.0617607918, inf
0.0690009966, 0.0000460800, 11778.7742417366, 11889.5078435914, inf
0.0750529990, 0.0000478400, 11786.9059464254, 12061.6978194258, inf
0.0757479966, 0.0000481280, 11770.6537493259, 11831.8317833661, 0.0018970370
0.0709379986, 0.0000480960, 11742.3199885813, 8993.0646633643, 0.0016260317
0.0703869984, 0.0000470720, 11852.3660280439, 10680.8465832951, inf
0.0763790011, 0.0000468160, 11823.6379940424, 11972.8844764356, 0.0011015054
0.0736560002, 0.0000466560, 11864.7208223747, 12031.9473314991, inf
0.0780489966, 0.0000608320, 10594.6839983849, 10734.5697977977, inf
0.0690800026, 0.0000537920, 11831.8317833661, 11943.5699639015, 0.0011015054
0.0823180005, 0.0000491200, 11811.3685668608, 10976.1062445498, inf
0.0731860027, 0.0000471360, 11831.8317833661, 11831.8317833661, 0.0021341667
0.0746460035, 0.0000471040, 11586.9245085831, 10153.6326276522, 0.0014227778
0.1068039984, 0.0000467840, 11827.7334696205, 12065.9599034609, inf
0.0788749978, 0.0000491840, 9485.1851463318, 9993.1713569782, inf
0.0736169964, 0.0000481280, 10754.8555989904, 11981.2865006296, inf
0.0740529969, 0.0000471040, 10795.6580862455, 11877.1014006242, 0.0011015054
0.0773990005, 0.0000468480, 11750.4014200944, 11951.9308809221, 0.0020086274
0.0724920034, 0.0000512000, 11582.9940728611, 11811.3685668608, inf
0.0712770000, 0.0000471040, 10016.6226244630, 11935.2207363839, inf
0.0760649964, 0.0000501760, 11654.1523982234, 11610.5632529053, 0.0011774713
0.0746420026, 0.0000480000, 11734.2496655651, 9538.1750074845, inf
0.0793190002, 0.0000481280, 9427.5722050785, 9656.8627055414, inf
0.0699530020, 0.0000470400, 11658.1312826202, 11993.9116708094, 0.0016260317
0.0726450011, 0.0000471040, 11662.1128848342, 12031.9473314991, 0.0012195238
0.0785899982, 0.0000476160, 11750.4014200944, 11004.4042948097, inf
0.0737020001, 0.0000460800, 11864.7208223747, 12019.2420016876, inf
0.0738610029, 0.0000471040, 11835.9329382303, 11943.5699639015, inf
0.0700379983, 0.0000500160, 11807.2844145209, 12040.4324847653, inf
0.0726559982, 0.0000468160, 11706.0906845370, 12019.2420016876, inf
0.0773070008, 0.0000478080, 11654.1523982234, 11864.7208223747, 0.0017971930
0.0736889988, 0.0000488320, 11702.0790016431, 11910.2429462136, inf
0.0779459998, 0.0000471680, 11690.0604336852, 11972.8844764356, 0.0020086274
0.0784619972, 0.0000471040, 9440.6045139050, 11939.3938904876, 0.0010670833
0.0859299973, 0.0000475840, 11803.2030856531, 11968.6878818067, 0.0016260317
0.0709659979, 0.0000471040, 11790.9760106334, 12010.7866784363, 0.0017073333
0.0804549977, 0.0000460800, 9334.7912867125, 11985.4919363968, inf
0.0733880028, 0.0000470720, 11807.2844145209, 11943.5699639015, inf
0.0791689977, 0.0000459520, 11799.1245773305, 11972.8844764356, inf
0.0824429989, 0.0000459840, 11840.0369371687, 11935.2207363839, inf
0.0740600005, 0.0000459520, 11803.2030856531, 12044.6795508975, inf
0.0706079975, 0.0000478080, 11803.2030856531, 11985.4919363968, 0.0011015054
0.0762140006, 0.0000471040, 11795.0488866302, 11918.5572519352, 0.0011015054
0.0699860007, 0.0000480000, 10202.1710567058, 8878.4884365040, 0.0011774713
0.0736029968, 0.0000471040, 9316.9622174064, 11823.6379940424, inf
0.0707959980, 0.0000476160, 11803.2030856531, 11981.2865006296, 0.0011774713
0.0766189992, 0.0000501760, 10180.8785112685, 10477.6515884610, 0.0018970370
0.0736540034, 0.0000491200, 9935.0208108218, 11947.7489596901, 0.0011774713
0.0714310035, 0.0000457280, 11864.7208223747, 12053.1826780072, inf
0.0708599985, 0.0000481280, 11799.1245773305, 12015.0128524963, 0.0011015054
0.0736949965, 0.0000470080, 11646.2027717580, 11840.0369371687, 0.0012646914
0.0752599984, 0.0000489280, 11750.4014200944, 11951.9308809221, 0.0011015054
0.0697960034, 0.0000458240, 11835.9329382303, 12070.2250006343, inf
0.0746359974, 0.0000469440, 11782.8386910954, 12044.6795508975, 0.0012646914
0.0775049999, 0.0000466560, 11819.5453536845, 12048.9296142535, inf
0.0933640003, 0.0000591360, 11754.4463087072, 12151.8386216350, 0.0011015054
0.0816709995, 0.0000471040, 11815.4555456036, 11964.4942280289, inf
0.0757699981, 0.0000459840, 11877.1014006242, 11947.7489596901, 0.0013133333
0.0717929974, 0.0000477440, 11778.7742417366, 11819.5453536845, 0.0010670833
0.0757960007, 0.0000480960, 11852.3660280439, 9645.9509962696, inf
0.0729999989, 0.0000481280, 11758.4939830559, 12031.9473314991, 0.0013133333
0.0761500001, 0.0000458560, 11868.8448129282, 12015.0128524963, inf
0.0934159979, 0.0000469760, 11856.4814329147, 11985.4919363968, inf
0.0783580020, 0.0000480960, 11844.1437831406, 12010.7866784363, inf
0.0710659996, 0.0000481280, 9514.2564855933, 11922.7187593556, 0.0011774713
0.0725549981, 0.0000466240, 11848.2534791098, 11864.7208223747, inf
0.0728939995, 0.0000480000, 11811.3685668608, 11993.9116708094, inf
0.0732079968, 0.0000471040, 11662.1128848342, 11860.5996966983, inf
0.0753450021, 0.0000469760, 11766.5977004805, 11960.3035120121, 0.0011015054
0.0726590008, 0.0000460800, 11844.1437831406, 11972.8844764356, 0.0014846377
0.0836649984, 0.0000471040, 11815.4555456036, 12057.4387453370, inf
0.0808560029, 0.0000491520, 11819.5453536845, 11943.5699639015, 0.0014227778
0.0842040032, 0.0000471040, 11803.2030856531, 10078.7091283337, 0.0015521212
0.0742599964, 0.0000460800, 11819.5453536845, 11993.9116708094, inf
0.0782840028, 0.0000450560, 11852.3660280439, 11000.8590614673, inf
0.0784050003, 0.0000460800, 11807.2844145209, 12074.4931141423, inf
0.0733689964, 0.0000480960, 11698.0700674184, 10734.5697977977, 0.0017073333
0.1126189977, 0.0000583360, 11782.8386910954, 12070.2250006343, 0.0011015054
0.1059840024, 0.0000470720, 11766.5977004805, 11943.5699639015, 0.0018970370
0.0758230016, 0.0000490880, 9233.8200451040, 11782.8386910954, 0.0010670833
0.0826639980, 0.0000466240, 11823.6379940424, 11993.9116708094, inf
0.0794110000, 0.0000481280, 11819.5453536845, 12019.2420016876, 0.0017073333
0.0810739994, 0.0000469440, 11803.2030856531, 11989.7003254194, 0.0017073333
0.0808409974, 0.0000461120, 8445.8734916632, 12010.7866784363, 0.0012646914
0.0802830011, 0.0000455360, 11682.0617607918, 11702.0790016431, inf
0.0914959982, 0.0000461120, 11803.2030856531, 11877.1014006242, inf
0.0843819976, 0.0000488640, 11835.9329382303, 10940.9376888159, 0.0012195238
0.0807659999, 0.0000471040, 11778.7742417366, 11960.3035120121, inf
0.0776010007, 0.0000477120, 11738.2834399431, 11989.7003254194, inf
0.0790679976, 0.0000450560, 11742.3199885813, 12031.9473314991, 0.0016260317
0.0736399963, 0.0000481280, 9975.6548427679, 11964.4942280289, inf
0.0767439976, 0.0000450560, 11811.3685668608, 11989.7003254194, inf
0.0695810020, 0.0000471040, 8515.3781862330, 11889.5078435914, 0.0011015054
0.0810580030, 0.0000476800, 11738.2834399431, 11738.2834399431, 0.0011015054
0.0914260000, 0.0000450560, 11807.2844145209, 12147.5156623246, 0.0011774713
0.0803449973, 0.0000450560, 11726.1904281574, 12006.5634763694, 0.0013133333
0.0702660009, 0.0000470720, 11868.8448129282, 11989.7003254194, inf
0.0850460008, 0.0000461120, 11799.1245773305, 12104.4546355173, 0.0010670833
0.0749820024, 0.0000479040, 11594.7933877061, 11981.2865006296, 0.0014227778
0.0764250010, 0.0000440320, 10677.5067313303, 11815.4555456036, 0.0011015054
0.0750579983, 0.0000471040, 11803.2030856531, 11939.3938904876, inf
0.0785410032, 0.0000487680, 9897.5845005201, 11770.6537493259, 0.0011774713
0.0780249983, 0.0000471040, 11666.0972076510, 11989.7003254194, 0.0014846377
0.0713410005, 0.0000479680, 11811.3685668608, 12023.4741291530, 0.0015521212
0.0752789974, 0.0000481280, 11250.9609643474, 9345.0099963860, inf
0.0830949992, 0.0000467200, 11795.0488866302, 11977.0840150103, inf
0.0780289993, 0.0000471040, 9396.4409815064, 11993.9116708094, inf
0.0757839978, 0.0000468160, 7788.9294084841, 11964.4942280289, inf
0.0726379976, 0.0000450560, 11790.9760106334, 11972.8844764356, 0.0013658667
0.0753370002, 0.0000471040, 11694.0638790392, 11939.3938904876, 0.0010670833
0.0793099999, 0.0000498560, 11774.7125954464, 10057.9282847701, 0.0011382222
0.0773279965, 0.0000477760, 8793.8878513506, 8408.4379529166, inf
0.0721469969, 0.0000470720, 11831.8317833661, 11872.9716713472, inf
