0.0812890008, 0.0000368640, 11412.6559247308, 11877.1014006242, inf
0.0796540007, 0.0000326080, 11852.3660280439, 12023.4741291530, inf
0.0758659989, 0.0000348160, 11626.3760731340, 11935.2207363839, 0.0014846377
0.0797130018, 0.0000348160, 11831.8317833661, 11985.4919363968, inf
0.0915800035, 0.0000343360, 11819.5453536845, 11998.1259756832, inf
0.0770189986, 0.0000317440, 11734.2496655651, 12036.1884126875, 0.0011774713
0.0763809979, 0.0000348160, 9466.7775233697, 11956.1157306703, 0.0011015054
0.0816359967, 0.0000327680, 11367.0660874815, 12031.9473314991, inf
0.0717590004, 0.0000337920, 11831.8317833661, 12036.1884126875, inf
0.0769789964, 0.0000337280, 9147.2452522889, 11852.3660280439, 0.0012195238
0.0790619999, 0.0000337920, 11068.6115159787, 11881.2340037559, inf
0.0811169967, 0.0000337920, 11698.0700674184, 11951.9308809221, inf
0.0761990026, 0.0000347840, 11795.0488866302, 12010.7866784363, inf
0.0727880001, 0.0000317440, 9440.6045139050, 10461.6012643365, 0.0010670833
0.0753209963, 0.0000337920, 11754.4463087072, 12023.4741291530, 0.0011774713
0.0790899992, 0.0000328000, 11722.1649594214, 11790.9760106334, inf
0.0840319991, 0.0000327680, 11306.8432207929, 12031.9473314991, 0.0016260317
0.0803999975, 0.0000327360, 11848.2534791098, 11998.1259756832, 0.0341466665
0.0780199990, 0.0000336320, 11795.0488866302, 11993.9116708094, 0.0012195238
0.0827649981, 0.0000337600, 11807.2844145209, 12027.7092380396, 0.0011015054
0.0796950012, 0.0000337280, 10799.0722728635, 12015.0128524963, inf
0.0911149979, 0.0000337920, 11786.9059464254, 12186.5333785847, 0.0018970370
0.0721580014, 0.0000327680, 11823.6379940424, 12002.3432431615, 0.0017073333
0.0764119998, 0.0000336000, 11790.9760106334, 11918.5572519352, 0.0014846377
0.0754719973, 0.0000337280, 11860.5996966983, 12015.0128524963, inf
0.0767190009, 0.0000337600, 11782.8386910954, 11935.2207363839, 0.0010670833
0.0717329979, 0.0000346240, 10611.1455956477, 11872.9716713472, inf
0.0737729967, 0.0000346560, 10874.7345626734, 12044.6795508975, 0.0011382222
0.0785769969, 0.0000336320, 11868.8448129282, 12023.4741291530, inf
0.0806310028, 0.0000337920, 10248.0991977174, 10338.0764537676, 0.0011382222
0.0727809966, 0.0000532480, 10871.2723740192, 8342.6988826764, 0.0011774713
0.0772280023, 0.0000335040, 11746.3593143428, 10031.3356424190, inf
0.0726170018, 0.0000337600, 11718.1422535327, 12002.3432431615, inf
0.0741389990, 0.0000347840, 11823.6379940424, 11968.6878818067, inf
0.0779239982, 0.0000327360, 11819.5453536845, 11977.0840150103, 0.0020086274
0.0775939971, 0.0000368640, 11698.0700674184, 12048.9296142535, 0.0010670833
0.0729900002, 0.0000343360, 11563.3818241769, 10687.5325592471, 0.0010670833
0.0706460029, 0.0000337920, 11790.9760106334, 11993.9116708094, inf
0.0765120015, 0.0000323840, 11815.4555456036, 12006.5634763694, inf
0.0787720010, 0.0000337920, 11881.2340037559, 12023.4741291530, 0.0012195238
0.0732439980, 0.0000337920, 11770.6537493259, 11910.2429462136, inf
0.0770419985, 0.0000337920, 11694.0638790392, 10997.3161116890, 0.0010670833
0.0733449981, 0.0000337600, 11799.1245773305, 12053.1826780072, 0.0011382222
0.0840080008, 0.0000337920, 11848.2534791098, 10347.4747050892, inf
0.0705789998, 0.0000333120, 11790.9760106334, 11926.8831738716, 0.0015521212
0.0808229968, 0.0000335040, 11831.8317833661, 12015.0128524963, 0.0011015054
0.0734980032, 0.0000337920, 11746.3593143428, 11985.4919363968, 0.0021341667
0.0797500014, 0.0000344960, 10741.3232232760, 11981.2865006296, 0.0018970370
0.0716470033, 0.0000419840, 11790.9760106334, 12087.3155847060, inf
0.0800030008, 0.0000358400, 11734.2496655651, 11931.0504985305, 0.0014227778
0.0738959983, 0.0000335680, 11786.9059464254, 11993.9116708094, 0.0011015054
0.0787779987, 0.0000347520, 11852.3660280439, 12023.4741291530, inf
0.0747879967, 0.0000335680, 11795.0488866302, 12040.4324847653, 0.0016260317
0.0754040033, 0.0000327680, 11807.2844145209, 11968.6878818067, inf
0.0714640021, 0.0000337280, 11762.5444460194, 11897.7932149110, inf
0.0745650008, 0.0000336320, 11860.5996966983, 12074.4931141423, 0.0012646914
0.0773039982, 0.0000326400, 11815.4555456036, 12019.2420016876, 0.0013658667
0.0791800022, 0.0000337600, 10680.8465832951, 11860.5996966983, 0.0011382222
0.0779680014, 0.0000358400, 11702.0790016431, 11977.0840150103, 0.0014227778
0.0813570023, 0.0000333760, 11803.2030856531, 11968.6878818067, 0.0014846377
0.0720620006, 0.0000317440, 11823.6379940424, 11989.7003254194, 0.0012646914
0.0748199970, 0.0000327680, 11872.9716713472, 12048.9296142535, inf
0.0766559988, 0.0000327680, 11782.8386910954, 11993.9116708094, 0.0013133333
0.0705230013, 0.0000430080, 8475.2212774372, 10857.4456365006, inf
0.0764880031, 0.0000337920, 11835.9329382303, 12074.4931141423, 0.0011382222
0.0711459965, 0.0000358400, 11539.9346153411, 11782.8386910954, 0.0011774713
0.0780489966, 0.0000347840, 11722.1649594214, 12019.2420016876, 0.0018970370
0.0731920004, 0.0000336000, 11840.0369371687, 11960.3035120121, 0.0016260317
0.0721129999, 0.0000337920, 11819.5453536845, 12023.4741291530, inf
0.0762140006, 0.0000327680, 11819.5453536845, 11947.7489596901, inf
0.0763899982, 0.0000337920, 11746.3593143428, 11964.4942280289, 0.0012646914
0.0718329996, 0.0000367680, 11610.5632529053, 10802.4886196756, inf
0.0753739998, 0.0000337280, 9432.7808085067, 11993.9116708094, 0.0011015054
0.0745109990, 0.0000327680, 11835.9329382303, 11964.4942280289, 0.0011382222
0.0740149990, 0.0000327680, 11901.9402324135, 12019.2420016876, 0.0011015054
0.0785679966, 0.0000467200, 11782.8386910954, 11706.0906845370, 0.0012646914
0.0777809992, 0.0000336320, 11827.7334696205, 11977.0840150103, inf
0.0723880008, 0.0000726720, 11778.7742417366, 12002.3432431615, 0.0011015054
0.0780169964, 0.0000337280, 11754.4463087072, 11998.1259756832, 0.0011382222
0.0832530037, 0.0000347840, 11807.2844145209, 8981.2379081521, inf
0.0816529989, 0.0000348160, 10731.1962686343, 11774.7125954464, inf
0.0885310024, 0.0000348160, 11654.1523982234, 11856.4814329147, 0.0013658667
0.0780410022, 0.0000327680, 11738.2834399431, 11951.9308809221, inf
0.0791620016, 0.0000368320, 11706.0906845370, 11939.3938904876, 0.0017073333
0.0754130036, 0.0000336000, 11706.0906845370, 11646.2027717580, 0.0012646914
0.0870110020, 0.0000348160, 11766.5977004805, 11848.2534791098, inf
0.0825780034, 0.0000327680, 9059.8743769685, 8356.9913183540, inf
0.0900010020, 0.0000337920, 8642.5377187533, 11977.0840150103, inf
0.0835760012, 0.0000344960, 11782.8386910954, 11981.2865006296, 0.0012646914
0.0850569978, 0.0000337600, 9815.0809217575, 11840.0369371687, 0.0012646914
0.0743279979, 0.0000348160, 11702.0790016431, 11860.5996966983, inf
0.0866660029, 0.0000337920, 11790.9760106334, 11989.7003254194, inf
0.0707599968, 0.0000348160, 8857.7604479363, 9477.2874068261, inf
0.0704889968, 0.0000336000, 11795.0488866302, 11985.4919363968, 0.0014227778
0.0730039999, 0.0000348160, 11786.9059464254, 11722.1649594214, inf
0.0784820020, 0.0000348160, 11868.8448129282, 11989.7003254194, 0.0018970370
0.0836319998, 0.0000337920, 11774.7125954464, 11951.9308809221, inf
0.0781169981, 0.0000317760, 11795.0488866302, 12010.7866784363, inf
0.0776820034, 0.0000419840, 9495.7359640696, 12036.1884126875, inf
0.0963589996, 0.0000440320, 11742.3199885813, 12113.0424004237, inf
0.0915379971, 0.0000429760, 11860.5996966983, 12182.1857034586, inf
0.0770279989, 0.0000327360, 11827.7334696205, 12019.2420016876, inf
0.0804750025, 0.0000327680, 11815.4555456036, 12031.9473314991, 0.0012646914
0.0780889988, 0.0000317440, 11778.7742417366, 11943.5699639015, 0.0017073333
0.0765580013, 0.0000327360, 11774.7125954464, 11881.2340037559, 0.0020086274
0.0735130012, 0.0000327360, 11790.9760106334, 11790.9760106334, 0.0011382222
0.1115199998, 0.0000333440, 11795.0488866302, 11864.7208223747, inf
0.0758790001, 0.0000336000, 11848.2534791098, 8906.2771327059, inf
0.0768169984, 0.0000368640, 10297.5472034965, 10028.3895820248, inf
0.0808399990, 0.0000333440, 11420.2898082925, 9580.9950973048, inf
0.0771839991, 0.0000337600, 10183.9148603622, 11852.3660280439, 0.0011015054
0.0768830031, 0.0000337920, 11738.2834399431, 8583.8779604813, 0.0013133333
0.0760319978, 0.0000337920, 11799.1245773305, 11714.1223076482, 0.0015521212
0.1131509990, 0.0000317440, 11835.9329382303, 12023.4741291530, inf
0.0753109977, 0.0000333760, 11762.5444460194, 10297.5472034965, inf
0.0725290030, 0.0000348160, 11706.0906845370, 12002.3432431615, inf
0.0731630027, 0.0000325440, 11860.5996966983, 12048.9296142535, inf
0.0750579983, 0.0000333760, 11844.1437831406, 11914.3986485675, 0.0012195238
0.0706690028, 0.0000317440, 11770.6537493259, 8960.0279524520, 0.0012646914
0.0720489994, 0.0000337600, 11819.5453536845, 11964.4942280289, 0.0018970370
0.0719809979, 0.0000327680, 11852.3660280439, 11989.7003254194, 0.0015521212
0.0771349967, 0.0000327040, 11803.2030856531, 12002.3432431615, 0.0011774713
0.0729229972, 0.0000324480, 11840.0369371687, 12070.2250006343, 0.0015521212
0.0729430020, 0.0000327680, 8871.5683363976, 11686.0597285402, 0.0017971930
0.0944150016, 0.0000327040, 11762.5444460194, 11968.6878818067, inf
0.0764779970, 0.0000327360, 11803.2030856531, 12027.7092380396, inf
0.0733290017, 0.0000337920, 10782.0229007876, 10637.5908183160, inf
0.0685819983, 0.0000337920, 8433.3579962446, 12031.9473314991, 0.0016260317
0.0705320016, 0.0000343360, 11831.8317833661, 11989.7003254194, 0.0011015054
0.0791070014, 0.0000327680, 11774.7125954464, 11968.6878818067, 0.0017971930
0.0678019971, 0.0000460160, 11702.0790016431, 10809.3278020875, inf
0.0709920004, 0.0000346880, 11827.7334696205, 10385.2392113122, 0.0012646914
0.0724989995, 0.0000327360, 11840.0369371687, 12044.6795508975, 0.0012646914
0.0672250018, 0.0000335360, 10266.5864482244, 12002.3432431615, inf
0.0692740008, 0.0000353920, 11742.3199885813, 12031.9473314991, inf
0.0784159973, 0.0000334400, 11856.4814329147, 11998.1259756832, 0.0017073333
0.0842650011, 0.0000337920, 11819.5453536845, 12044.6795508975, inf
0.0753649995, 0.0000337920, 11412.6559247308, 11730.2186625883, inf
0.0782309994, 0.0000343040, 9357.8148881322, 11742.3199885813, 0.0013133333
0.0783979967, 0.0000327680, 11835.9329382303, 9059.8743769685, inf
0.0730409995, 0.0000355200, 11754.4463087072, 9996.0967584293, 0.0020086274
0.0746660009, 0.0000358400, 11722.1649594214, 12044.6795508975, 0.0014227778
0.0765239969, 0.0000450560, 11594.7933877061, 10905.9937805156, inf
0.0885879993, 0.0000348160, 11450.9277420504, 11766.5977004805, inf
0.0869870037, 0.0000337920, 11686.0597285402, 11811.3685668608, 0.0018970370
0.0814929977, 0.0000358080, 11766.5977004805, 11766.5977004805, inf
0.0838859975, 0.0000337920, 11670.0842538600, 11730.2186625883, inf
0.0800729990, 0.0000337920, 11758.4939830559, 12010.7866784363, 0.0014227778
0.0753279999, 0.0000346240, 11654.1523982234, 11807.2844145209, inf
0.0823279992, 0.0000337920, 11790.9760106334, 12036.1884126875, 0.0011015054
0.0841310024, 0.0000408320, 9883.2609339492, 10962.0117260977, inf
0.0959379971, 0.0000337920, 11686.0597285402, 12002.3432431615, 0.0013133333
0.0894699991, 0.0000345600, 11602.6729618737, 11893.6490863094, 0.0014227778
0.0818919986, 0.0000337920, 7922.6604470521, 10885.1343725835, 0.0015521212
0.0822239965, 0.0000337920, 11618.4642826793, 11935.2207363839, 0.0012195238
0.0765720010, 0.0000328000, 8704.2229229657, 11844.1437831406, 0.0014846377
0.0766220018, 0.0000337920, 11746.3593143428, 11856.4814329147, 0.0011015054
0.0764359981, 0.0000317440, 11746.3593143428, 12006.5634763694, 0.0021341667
0.0742809996, 0.0000337600, 9461.5313180367, 11901.9402324135, inf
0.0749630034, 0.0000317440, 11807.2844145209, 11951.9308809221, 0.0017971930
0.0781489983, 0.0000327680, 11654.1523982234, 11989.7003254194, 0.0341466665
0.0778919980, 0.0000317440, 11770.6537493259, 10291.3401226023, inf
0.0794690028, 0.0000317440, 11835.9329382303, 12036.1884126875, inf
0.0824920014, 0.0000327680, 11918.5572519352, 12023.4741291530, 0.0012195238
0.0819440037, 0.0000358400, 9966.9195933434, 11007.9518139247, 0.0013133333
0.0779229999, 0.0000327680, 11848.2534791098, 12036.1884126875, inf
0.1023790017, 0.0000327680, 11807.2844145209, 12053.1826780072, inf
0.1019160002, 0.0000327680, 11848.2534791098, 12027.7092380396, 0.0016260317
0.0689359978, 0.0000324480, 10248.0991977174, 11947.7489596901, inf
0.0715610012, 0.0000323520, 10765.0272783085, 12074.4931141423, 0.0017971930
0.0774269998, 0.0000337280, 11860.5996966983, 12117.3408540789, inf
0.0779339969, 0.0000326720, 11852.3660280439, 12031.9473314991, inf
0.0777100027, 0.0000348160, 9417.1722357403, 12151.8386216350, 0.0014227778
0.0802889988, 0.0000324160, 11844.1437831406, 12023.4741291530, 0.0014846377
0.0724330023, 0.0000324160, 9874.6866763431, 11960.3035120121, inf
0.0700260028, 0.0000317440, 11754.4463087072, 11977.0840150103, inf
0.0756520033, 0.0000327040, 11782.8386910954, 10947.9533590235, inf
0.0715050027, 0.0000325120, 11269.5269065328, 12015.0128524963, inf
0.0711499974, 0.0000337600, 11872.9716713472, 12019.2420016876, inf
0.0711190030, 0.0000323840, 11718.1422535327, 11947.7489596901, 0.0012195238
0.0780709982, 0.0000325760, 11835.9329382303, 12015.0128524963, 0.0017971930
0.0793069974, 0.0000348160, 11575.1411955235, 12078.7642471859, inf
0.0798270032, 0.0000378880, 11762.5444460194, 11977.0840150103, inf
0.1189939976, 0.0000317440, 11758.4939830559, 12023.4741291530, inf
0.0846579969, 0.0000317440, 11856.4814329147, 11981.2865006296, 0.0011015054
0.0801820010, 0.0000389120, 11852.3660280439, 7998.7506504555, inf
0.0774400011, 0.0000317440, 11539.9346153411, 11860.5996966983, 0.0014227778
0.0779139996, 0.0000327680, 11856.4814329147, 12065.9599034609, inf
0.0759280026, 0.0000337920, 11807.2844145209, 11852.3660280439, inf
0.0763389990, 0.0000345280, 11885.3694837433, 11877.1014006242, 0.0011382222
0.0810019970, 0.0000317120, 11864.7208223747, 12065.9599034609, 0.0011382222
0.0861070007, 0.0000317440, 10792.2460577732, 11972.8844764356, inf
0.0815410018, 0.0000317440, 11823.6379940424, 12065.9599034609, 0.0015521212
0.0781389996, 0.0000317440, 11815.4555456036, 10979.6355391622, 0.0014846377
0.0816460028, 0.0000336960, 11803.2030856531, 12031.9473314991, 0.0014846377
0.0811420009, 0.0000314560, 11827.7334696205, 11993.9116708094, 0.0016260317
0.0749690011, 0.0000317440, 9482.5511043584, 11972.8844764356, 0.0017971930
0.0781520009, 0.0000337920, 11807.2844145209, 12057.4387453370, 0.0012195238
0.0782660022, 0.0000327680, 11770.6537493259, 11989.7003254194, 0.0013133333
0.0804560035, 0.0000440320, 8454.2378130216, 12147.5156623246, 0.0002667708
0.1077649966, 0.0000337600, 10617.7445667893, 12027.7092380396, 0.0016260317
0.0904299989, 0.0000430080, 11803.2030856531, 12177.8411293846, 0.0012646914
0.0744720027, 0.0000327680, 11811.3685668608, 12044.6795508975, inf
0.0767920017, 0.0000334080, 11770.6537493259, 12177.8411293846, 0.0011774713
0.1103769988, 0.0000337920, 11575.1411955235, 11914.3986485675, inf
0.0815220028, 0.0000327360, 11823.6379940424, 10477.6515884610, 0.0013658667
0.0774979964, 0.0000317440, 11714.1223076482, 12040.4324847653, 0.0011382222
0.0794849992, 0.0000333760, 11840.0369371687, 11947.7489596901, inf
0.0804649964, 0.0000327360, 11778.7742417366, 11885.3694837433, 0.0016260317
0.0751089975, 0.0000327360, 11856.4814329147, 11935.2207363839, inf
0.0813250020, 0.0000317440, 11860.5996966983, 12044.6795508975, inf
0.0859019980, 0.0000368640, 11790.9760106334, 11939.3938904876, 0.0013133333
0.1032830030, 0.0000312960, 11815.4555456036, 12010.7866784363, 0.0018970370
0.0823720023, 0.0000317120, 11746.3593143428, 12036.1884126875, inf
0.0834700018, 0.0000327680, 11559.4673415012, 10829.8974078003, inf
0.0796269998, 0.0000491520, 8823.4280430993, 11972.8844764356, inf
0.0790650025, 0.0000348160, 11852.3660280439, 12006.5634763694, inf
0.1110100001, 0.0000337920, 11408.8428088187, 11559.4673415012, 0.0016260317
0.0767629966, 0.0000327680, 11864.7208223747, 8702.0047214053, inf
0.0793389976, 0.0000296960, 11848.2534791098, 12027.7092380396, 0.0014227778
0.0814139992, 0.0000317440, 11844.1437831406, 12074.4931141423, 0.0013133333
0.0802239999, 0.0000337920, 11606.6167664155, 11998.1259756832, inf
0.1129520014, 0.0000307200, 11860.5996966983, 12044.6795508975, 0.0010670833
0.0774959996, 0.0000327680, 11742.3199885813, 11803.2030856531, inf
0.0767339990, 0.0000317440, 11618.4642826793, 11758.4939830559, 0.0013133333
0.0788789988, 0.0000314880, 11856.4814329147, 12087.3155847060, inf
0.0873339996, 0.0000296960, 11815.4555456036, 12006.5634763694, inf
0.0798569992, 0.0000327680, 10238.8805177794, 11981.2865006296, 0.0016260317
0.0762450024, 0.0000296960, 8255.9638604435, 12061.6978194258, inf
0.0783869997, 0.0000316480, 11844.1437831406, 9580.9950973048, inf
0.0795880035, 0.0000307200, 11795.0488866302, 12006.5634763694, 0.0013133333
0.0689050034, 0.0000316800, 11856.4814329147, 11901.9402324135, 0.0020086274
0.0727880001, 0.0000317440, 11766.5977004805, 11985.4919363968, 0.0011774713
0.0810009986, 0.0000317440, 8244.0044729103, 11947.7489596901, 0.0020086274
0.0823429972, 0.0000303680, 11872.9716713472, 12061.6978194258, 0.0013133333
0.0817319974, 0.0000317440, 11827.7334696205, 12006.5634763694, inf
0.0816320032, 0.0000317440, 11860.5996966983, 12053.1826780072, inf
0.0860719979, 0.0000327680, 11504.9415521545, 11922.7187593556, inf
0.1049140021, 0.0000307200, 11815.4555456036, 12065.9599034609, inf
0.0798389986, 0.0000316800, 11807.2844145209, 12053.1826780072, inf
0.0787239969, 0.0000307200, 11815.4555456036, 12061.6978194258, 0.0012195238
0.0777830034, 0.0000317440, 11758.4939830559, 12108.7469953172, inf
0.0835909992, 0.0000296960, 9999.0238731462, 11634.2986462673, 0.0020086274
0.0787959993, 0.0000322560, 11840.0369371687, 12074.4931141423, inf
0.0767770037, 0.0000307200, 11702.0790016431, 9860.4292598309, 0.0011382222
0.0773190036, 0.0000314240, 11840.0369371687, 12100.1653177868, 0.0011382222
0.0746390000, 0.0000316160, 11835.9329382303, 11943.5699639015, 0.0012646914
0.0752800032, 0.0000317440, 11774.7125954464, 12023.4741291530, inf
0.0740920007, 0.0000307200, 11827.7334696205, 12061.6978194258, 0.0014227778
0.0869830027, 0.0000317440, 11852.3660280439, 12070.2250006343, 0.0017971930
0.0707999989, 0.0000296960, 11690.0604336852, 11914.3986485675, inf
0.0712770000, 0.0000327680, 11738.2834399431, 11968.6878818067, 0.0022764444
0.0756520033, 0.0000307200, 11790.9760106334, 12019.2420016876, inf
0.0734509975, 0.0000323520, 11786.9059464254, 11947.7489596901, inf
0.0734380037, 0.0000296960, 11630.3360104886, 12044.6795508975, 0.0012195238
0.0742290020, 0.0000307200, 9352.6887227594, 9567.5725768547, 0.0014846377
0.0743009970, 0.0000307200, 11750.4014200944, 10347.4747050892, inf
0.0809959993, 0.0000315520, 11819.5453536845, 11998.1259756832, 0.0021341667
0.0730120018, 0.0000302080, 11831.8317833661, 11868.8448129282, 0.0020086274
0.0755039975, 0.0000317440, 11658.1312826202, 11968.6878818067, inf
0.0719119981, 0.0000307200, 11835.9329382303, 12048.9296142535, inf
0.0731490031, 0.0000307200, 11754.4463087072, 11860.5996966983, 0.0013658667
0.0832619965, 0.0000327680, 10186.9530211201, 11981.2865006296, inf
0.0858139992, 0.0000307200, 11790.9760106334, 11848.2534791098, 0.0012195238
0.0749920011, 0.0000322240, 11750.4014200944, 10969.0544576918, 0.0012646914
0.0756610036, 0.0000315840, 11726.1904281574, 11993.9116708094, 0.0018970370
0.0829169974, 0.0000315200, 10257.3344928791, 12036.1884126875, 0.0012195238
0.0751900002, 0.0000324800, 11864.7208223747, 11968.6878818067, inf
0.0722019970, 0.0000337920, 11706.0906845370, 11848.2534791098, inf
0.0722019970, 0.0000315520, 11710.1051189281, 12002.3432431615, 0.0017971930
0.0768259987, 0.0000314240, 11790.9760106334, 11998.1259756832, 0.0010670833
0.0725070015, 0.0000304000, 11823.6379940424, 11951.9308809221, 0.0013133333
0.1016130000, 0.0000315520, 11831.8317833661, 12061.6978194258, 0.0012646914
0.0727640018, 0.0000326720, 11762.5444460194, 11960.3035120121, 0.0021341667
0.0731370002, 0.0000326720, 11742.3199885813, 11947.7489596901, inf
0.0824780017, 0.0000317440, 11726.1904281574, 11943.5699639015, 0.0011015054
0.0941620022, 0.0000419840, 11758.4939830559, 12164.8259803329, 0.0013133333
0.0753099993, 0.0000314240, 11840.0369371687, 12048.9296142535, 0.0020086274
0.0774519965, 0.0000317440, 8791.6237195660, 12002.3432431615, inf
0.0837680027, 0.0000316160, 10768.4221150408, 12108.7469953172, 0.0017971930
0.0789790004, 0.0000316800, 10300.6535525775, 11795.0488866302, inf
0.0719939992, 0.0000317440, 11799.1245773305, 11914.3986485675, inf
0.0761340037, 0.0000317440, 11782.8386910954, 11939.3938904876, inf
0.0776320025, 0.0000317440, 11714.1223076482, 11901.9402324135, inf
0.0715409964, 0.0000317440, 11844.1437831406, 12006.5634763694, 0.0011015054
0.0711830035, 0.0000317440, 11811.3685668608, 12010.7866784363, 0.0018970370
0.0760120004, 0.0000336000, 11835.9329382303, 12044.6795508975, 0.0014227778
0.0751549974, 0.0000305280, 11466.3084374729, 11778.7742417366, 0.0016260317
0.0767899975, 0.0000312320, 11811.3685668608, 12048.9296142535, 0.0012646914
0.0728209987, 0.0000337920, 11815.4555456036, 12074.4931141423, inf
0.0705780014, 0.0000307200, 11774.7125954464, 12019.2420016876, 0.0021341667
0.0744720027, 0.0000307200, 11738.2834399431, 11939.3938904876, 0.0012646914
0.0698570013, 0.0000312640, 11658.1312826202, 11998.1259756832, inf
0.0732019991, 0.0000304640, 11864.7208223747, 12078.7642471859, inf
0.0799579993, 0.0000307200, 11477.8711014435, 9645.9509962696, 0.0014227778
0.0711229965, 0.0000333760, 11819.5453536845, 12070.2250006343, inf
0.0737449974, 0.0000312320, 11670.0842538600, 11972.8844764356, 0.0016260317
0.0725470036, 0.0000307200, 11762.5444460194, 11964.4942280289, 0.0021341667
0.0704350024, 0.0000312960, 11710.1051189281, 11947.7489596901, 0.0014846377
0.0734380037, 0.0000307200, 11823.6379940424, 11985.4919363968, inf
0.0761109963, 0.0000317440, 11840.0369371687, 12002.3432431615, inf
0.0739179999, 0.0000314880, 11766.5977004805, 12006.5634763694, inf
0.0774670020, 0.0000326080, 11742.3199885813, 11981.2865006296, 0.0014846377
0.0764489993, 0.0000317440, 11815.4555456036, 12070.2250006343, inf
0.0723100007, 0.0000315520, 11762.5444460194, 11926.8831738716, 0.0012195238
0.0724119991, 0.0000312000, 11901.9402324135, 11989.7003254194, 0.0021341667
0.0798650011, 0.0000317440, 11626.3760731340, 11981.2865006296, 0.0011382222
0.0860970020, 0.0000344960, 11706.0906845370, 11852.3660280439, inf
0.0790209994, 0.0000334400, 9522.2159862784, 10937.4332244697, inf
0.1004270017, 0.0000325120, 8846.2866649727, 12036.1884126875, inf
0.0816690028, 0.0000317120, 11872.9716713472, 12027.7092380396, 0.0017073333
0.0830290020, 0.0000337920, 11856.4814329147, 11885.3694837433, 0.0021341667
0.0827139989, 0.0000307200, 11536.0359887819, 10805.9071287324, inf
0.0886659995, 0.0000317440, 11730.2186625883, 8706.4422556845, inf
0.0757289976, 0.0000333440, 10069.7925469757, 10700.9296542759, inf
0.0867040008, 0.0000317440, 11852.3660280439, 11989.7003254194, inf
0.0812610015, 0.0000317440, 11718.1422535327, 10951.4645692092, inf
0.0832360014, 0.0000317440, 11606.6167664155, 11985.4919363968, inf
0.0769520029, 0.0000327680, 11823.6379940424, 12031.9473314991, 0.0021341667
0.0799380019, 0.0000327360, 11827.7334696205, 12048.9296142535, inf
0.0807930008, 0.0000307200, 9946.5967162233, 11877.1014006242, 0.0010670833
0.0839219987, 0.0000307200, 11674.0740262545, 11993.9116708094, 0.0018970370
0.0803660005, 0.0000317440, 10297.5472034965, 11956.1157306703, 0.0020086274
0.0830740035, 0.0000307200, 11795.0488866302, 12048.9296142535, inf
0.0863180012, 0.0000307200, 11852.3660280439, 12010.7866784363, inf
0.0851700008, 0.0000429440, 11750.4014200944, 12151.8386216350, 0.0014846377
0.0800110027, 0.0000404800, 11807.2844145209, 12044.6795508975, 0.0013658667
0.0717620030, 0.0000317440, 11614.5124240797, 11993.9116708094, 0.0011774713
0.0708369985, 0.0000307200, 11815.4555456036, 12083.0384029704, 0.0015521212
0.0739099979, 0.0000317440, 11774.7125954464, 11989.7003254194, inf
0.0713850036, 0.0000313280, 11799.1245773305, 12095.8790388928, inf
0.0749059990, 0.0000314880, 11678.0665276315, 12019.2420016876, inf
0.0765929967, 0.0000307200, 11710.1051189281, 10208.2710095051, 0.0017073333
0.0817380026, 0.0000307200, 11750.4014200944, 11964.4942280289, inf
0.0699279979, 0.0000325440, 11840.0369371687, 12061.6978194258, 0.0013658667
0.0743860006, 0.0000307200, 11852.3660280439, 12027.7092380396, inf
0.0748249963, 0.0000317440, 11718.1422535327, 11877.1014006242, inf
0.0834570006, 0.0000307200, 11819.5453536845, 11918.5572519352, 0.0020086274
0.0848719999, 0.0000296960, 11786.9059464254, 12074.4931141423, 0.0014846377
0.0799750015, 0.0000337920, 8418.8033843182, 11910.2429462136, inf
0.0782829970, 0.0000312320, 11856.4814329147, 12061.6978194258, inf
0.0798539966, 0.0000317440, 11827.7334696205, 12010.7866784363, 0.0011382222
0.0727609992, 0.0000317440, 11803.2030856531, 11931.0504985305, 0.0011382222
0.0740159974, 0.0000314560, 11762.5444460194, 11947.7489596901, 0.0021341667
0.1039789990, 0.0000313920, 11831.8317833661, 12002.3432431615, 0.0018970370
0.0810379982, 0.0000317440, 11734.2496655651, 11658.1312826202, inf
0.0919699967, 0.0000317440, 11662.1128848342, 10313.0977127135, 0.0021341667
0.0754610002, 0.0000307200, 11881.2340037559, 12036.1884126875, 0.0012646914
0.0752559975, 0.0000304320, 11778.7742417366, 12065.9599034609, 0.0015521212
0.0801189989, 0.0000317440, 11823.6379940424, 12002.3432431615, inf
0.0773729980, 0.0000324480, 11690.0604336852, 11956.1157306703, 0.0022764444
0.0763489977, 0.0000388160, 11827.7334696205, 11935.2207363839, inf
0.0700509995, 0.0000316160, 11815.4555456036, 8019.4144027230, inf
0.0785669982, 0.0000313600, 9747.8351489564, 12002.3432431615, 0.0022764444
0.0732749999, 0.0000296960, 11844.1437831406, 12031.9473314991, inf
0.0999550000, 0.0000303040, 11823.6379940424, 12070.2250006343, inf
0.0777600035, 0.0000317440, 11586.9245085831, 11972.8844764356, 0.0016260317
0.0741949975, 0.0000313920, 11746.3593143428, 11881.2340037559, 0.0017073333
0.0718559995, 0.0000327680, 11786.9059464254, 11993.9116708094, 0.0013658667
0.0695199966, 0.0000312000, 11815.4555456036, 11885.3694837433, 0.0022764444
0.0818130001, 0.0000317440, 11885.3694837433, 12108.7469953172, 0.0017073333
0.0761340037, 0.0000317120, 11840.0369371687, 11998.1259756832, inf
0.0791969970, 0.0000323200, 11852.3660280439, 12087.3155847060, 0.0018970370
0.0717540011, 0.0000307200, 11840.0369371687, 12031.9473314991, inf
0.0715209991, 0.0000302720, 11799.1245773305, 12027.7092380396, 0.0017971930
0.0757339969, 0.0000315200, 11803.2030856531, 11989.7003254194, 0.0015521212
0.0732709989, 0.0000296960, 11799.1245773305, 12006.5634763694, inf
0.0731680021, 0.0000307200, 11758.4939830559, 12023.4741291530, inf
0.0697460026, 0.0000296960, 11831.8317833661, 11981.2865006296, 0.0013133333
0.0740929991, 0.0000311680, 11746.3593143428, 12036.1884126875, 0.0021341667
0.0757730007, 0.0000317440, 9501.0201799651, 11993.9116708094, 0.0020086274
0.0743260011, 0.0000313280, 11831.8317833661, 11998.1259756832, 0.0013133333
0.0720610023, 0.0000316160, 9370.6549195374, 11951.9308809221, inf
0.0781050026, 0.0000314240, 11799.1245773305, 12027.7092380396, 0.0011382222
0.0774049982, 0.0000296960, 9026.3458965885, 12053.1826780072, 0.0012195238
0.0745790005, 0.0000317440, 11766.5977004805, 12006.5634763694, 0.0013133333
0.0691580027, 0.0000296960, 11726.1904281574, 12065.9599034609, inf
0.0864069983, 0.0000302400, 11815.4555456036, 11985.4919363968, 0.0010670833
0.0739480034, 0.0000312320, 11746.3593143428, 11831.8317833661, 0.0011382222
0.0796630010, 0.0000317440, 11827.7334696205, 10266.5864482244, inf
0.0750259981, 0.0000307200, 11774.7125954464, 11811.3685668608, inf
0.0723339990, 0.0000322240, 11815.4555456036, 11947.7489596901, inf
0.0758860037, 0.0000305280, 11852.3660280439, 12065.9599034609, inf
0.0750370026, 0.0000306240, 11827.7334696205, 12019.2420016876, 0.0016260317
0.0694660023, 0.0000307200, 11852.3660280439, 12036.1884126875, 0.0010670833
0.0760810003, 0.0000317440, 11835.9329382303, 12015.0128524963, 0.0017073333
0.0709350035, 0.0000307200, 11742.3199885813, 11951.9308809221, 0.0021341667
0.0724399984, 0.0000450560, 10099.5760209389, 8890.0459585510, inf
0.0748960003, 0.0000296960, 11823.6379940424, 12023.4741291530, 0.0017971930
0.0718910024, 0.0000307200, 11602.6729618737, 11807.2844145209, inf
0.0698869973, 0.0000314240, 11872.9716713472, 11947.7489596901, inf
0.0829999968, 0.0000307200, 10805.9071287324, 10947.9533590235, inf
0.0940240026, 0.0000307200, 11823.6379940424, 12048.9296142535, 0.0016260317
0.0859310031, 0.0000296960, 11835.9329382303, 12036.1884126875, inf
0.0804919973, 0.0000307200, 11786.9059464254, 11926.8831738716, inf
0.0817139968, 0.0000307200, 11532.1399955402, 11877.1014006242, inf
0.0992640033, 0.0000307200, 10229.6784082668, 12036.1884126875, 0.0020086274
0.0844219998, 0.0000307200, 11520.4677890669, 10001.9527026346, inf
0.0937099978, 0.0000296960, 9786.9494201188, 12023.4741291530, inf
0.0831599981, 0.0000307200, 11782.8386910954, 12048.9296142535, inf
0.0868479982, 0.0000302400, 11848.2534791098, 11964.4942280289, inf
0.0832649991, 0.0000307200, 11803.2030856531, 11881.2340037559, 0.0011774713
0.0822850019, 0.0000307200, 11678.0665276315, 11864.7208223747, 0.0016260317
0.0978040025, 0.0000307200, 9761.7685897068, 11815.4555456036, inf
0.0881289989, 0.0000296960, 11885.3694837433, 12070.2250006343, inf
0.0877510011, 0.0000312000, 11774.7125954464, 12023.4741291530, 0.0015521212
0.0873790011, 0.0000293760, 11799.1245773305, 12057.4387453370, 0.0012195238
0.0891330019, 0.0000286720, 10785.4284670860, 12070.2250006343, inf
0.0834740028, 0.0000294400, 11462.4593913375, 11951.9308809221, inf
0.0833050013, 0.0000286720, 11827.7334696205, 12019.2420016876, inf
0.0835430026, 0.0000305600, 11202.9745822816, 11650.1762288620, inf
0.0892499983, 0.0000286720, 11532.1399955402, 11989.7003254194, inf
0.0901359990, 0.0000296960, 11742.3199885813, 11977.0840150103, inf
0.0864420012, 0.0000286720, 11819.5453536845, 11985.4919363968, inf
0.0785129964, 0.0000348160, 11868.8448129282, 9422.3693506607, inf
0.0832040012, 0.0000296960, 11872.9716713472, 12019.2420016876, inf
0.0947170034, 0.0000296960, 11786.9059464254, 12156.1646588802, inf
0.0877870023, 0.0000286720, 11782.8386910954, 11943.5699639015, inf
0.0791950002, 0.0000286720, 11742.3199885813, 11947.7489596901, inf
0.0898559988, 0.0000286720, 9474.6577488331, 10895.5540927870, inf
0.0788360015, 0.0000281280, 11889.5078435914, 12087.3155847060, 0.0011382222
0.0831499994, 0.0000296960, 11835.9329382303, 12061.6978194258, 0.0011774713
0.0892980024, 0.0000286720, 11848.2534791098, 12074.4931141423, inf
0.0798960030, 0.0000286720, 11844.1437831406, 12074.4931141423, 0.0012195238
0.0804639980, 0.0000296960, 11280.6959123867, 10885.1343725835, inf
0.0841460004, 0.0000294400, 11868.8448129282, 12053.1826780072, 0.0013658667
0.0798060000, 0.0000286080, 11860.5996966983, 12048.9296142535, inf
0.0784830004, 0.0000286720, 11856.4814329147, 11956.1157306703, inf
0.0722049996, 0.0000296320, 11877.1014006242, 12019.2420016876, inf
0.0744680017, 0.0000286720, 11807.2844145209, 12040.4324847653, 0.0017971930
0.0837709978, 0.0000389120, 11815.4555456036, 10099.5760209389, 0.0014227778
0.0824579969, 0.0000307200, 11795.0488866302, 12061.6978194258, inf
0.0829769969, 0.0000286400, 11877.1014006242, 12031.9473314991, inf
0.0737290010, 0.0000296960, 11844.1437831406, 12074.4931141423, 0.0011382222
0.0711150020, 0.0000286720, 11786.9059464254, 11998.1259756832, inf
0.0729390010, 0.0000296960, 11766.5977004805, 11977.0840150103, inf
0.0747879967, 0.0000552960, 11819.5453536845, 12113.0424004237, 0.0020086274
0.0783820003, 0.0000283840, 11840.0369371687, 12036.1884126875, inf
0.0739379972, 0.0000293760, 11877.1014006242, 12036.1884126875, 0.0014227778
0.0695199966, 0.0000274240, 11803.2030856531, 12040.4324847653, inf
0.0764129981, 0.0000307200, 11750.4014200944, 11985.4919363968, inf
0.0730689988, 0.0000274240, 11897.7932149110, 10990.2370540053, 0.0014227778
0.0728520006, 0.0000285760, 11877.1014006242, 11885.3694837433, inf
0.0774070024, 0.0000276160, 11860.5996966983, 12027.7092380396, inf
0.1008099988, 0.0000282880, 10300.6535525775, 11985.4919363968, 0.0011015054
0.0730729997, 0.0000292480, 11897.7932149110, 12023.4741291530, 0.0020086274
0.0789770037, 0.0000286720, 11868.8448129282, 12044.6795508975, 0.0012646914
0.0766789988, 0.0000286720, 11758.4939830559, 11960.3035120121, 0.0011774713
0.0768029988, 0.0000306880, 11877.1014006242, 12053.1826780072, inf
0.0722009987, 0.0000476800, 11485.5925081717, 8997.8040913819, inf
0.0699750036, 0.0000296960, 9241.3170573192, 12036.1884126875, 0.0011774713
0.0765089989, 0.0000303360, 8523.8808104829, 10926.9332885742, 0.0012195238
0.0761860013, 0.0000283520, 11811.3685668608, 11972.8844764356, 0.0014227778
0.0769509971, 0.0000284160, 11901.9402324135, 12053.1826780072, inf
0.0737570003, 0.0000286720, 11819.5453536845, 11956.1157306703, 0.0022764444
0.0880839974, 0.0000292160, 11844.1437831406, 12070.2250006343, 0.0014846377
0.0774089992, 0.0000286720, 11914.3986485675, 12053.1826780072, inf
0.0741240010, 0.0000286720, 11786.9059464254, 12070.2250006343, 0.0014227778
0.0738309994, 0.0000311360, 11844.1437831406, 11057.8583312158, inf
0.0697029978, 0.0000312960, 9871.8318955751, 11485.5925081717, inf
0.0709130019, 0.0000295040, 11778.7742417366, 11981.2865006296, inf
0.0719249994, 0.0000291840, 11815.4555456036, 11981.2865006296, inf
0.0741100013, 0.0000286720, 11742.3199885813, 11939.3938904876, 0.0017971930
0.0753559992, 0.0000337920, 10328.6952591635, 11922.7187593556, inf
0.0776730031, 0.0000314240, 10360.0323200226, 12151.8386216350, 0.0024390476
0.0771259964, 0.0000281920, 11881.2340037559, 12083.0384029704, inf
0.0791210011, 0.0000296960, 9586.3746565959, 11860.5996966983, 0.0017971930
0.0712580010, 0.0000271040, 11872.9716713472, 10325.5719766539, 0.0013658667
0.0673469976, 0.0000306880, 11868.8448129282, 10986.7009416971, 0.0018970370
0.0722429976, 0.0000276480, 11864.7208223747, 8809.7694857571, inf
0.0740270019, 0.0000314240, 11559.4673415012, 11750.4014200944, 0.0018970370
0.0706129968, 0.0000296960, 9514.2564855933, 10874.7345626734, inf
0.0798899978, 0.0000291840, 11864.7208223747, 12074.4931141423, inf
0.0684899986, 0.0000276480, 11889.5078435914, 10353.7497049104, inf
0.0701970011, 0.0000286720, 11754.4463087072, 11926.8831738716, 0.0011774713
0.0731519982, 0.0000286720, 11786.9059464254, 12010.7866784363, 0.0017073333
0.0781119987, 0.0000276480, 10334.9474960032, 12100.1653177868, 0.0017073333
0.0709099993, 0.0000293440, 10594.6839983849, 10363.1764876463, inf
0.0707359985, 0.0000285120, 11803.2030856531, 12031.9473314991, inf
0.0736180022, 0.0000276480, 11823.6379940424, 12104.4546355173, inf
0.0762019977, 0.0000286080, 11877.1014006242, 11856.4814329147, 0.0015521212
0.0689570010, 0.0000286400, 11702.0790016431, 11977.0840150103, inf
0.0747150034, 0.0000281920, 11835.9329382303, 12061.6978194258, 0.0022764444
0.0703129992, 0.0000286720, 11489.4571086119, 12087.3155847060, 0.0017971930
0.0685010031, 0.0000286080, 11840.0369371687, 11926.8831738716, inf
0.0810550004, 0.0000296960, 11831.8317833661, 12083.0384029704, 0.0017073333
0.0737069994, 0.0000286720, 11803.2030856531, 11985.4919363968, 0.0010670833
0.0712480024, 0.0000284480, 11563.3818241769, 12019.2420016876, inf
0.0731260031, 0.0000281600, 11754.4463087072, 11993.9116708094, 0.0010670833
0.0776690021, 0.0000323840, 11827.7334696205, 11998.1259756832, inf
0.0704640001, 0.0000325760, 11786.9059464254, 11993.9116708094, 0.0012646914
0.0706129968, 0.0000336320, 11811.3685668608, 12010.7866784363, 0.0010670833
0.0722069964, 0.0000333440, 11795.0488866302, 11989.7003254194, 0.0011015054
0.0741909966, 0.0000327680, 9781.3424596948, 11864.7208223747, inf
0.0829550028, 0.0000317440, 11835.9329382303, 10297.5472034965, 0.0012646914
0.0709730014, 0.0000337920, 9969.8296428597, 11972.8844764356, 0.0011015054
0.0751240030, 0.0000337600, 11831.8317833661, 12044.6795508975, inf
0.0757490024, 0.0000348160, 11835.9329382303, 12057.4387453370, inf
0.0697679967, 0.0000327680, 11811.3685668608, 11998.1259756832, inf
0.0757090002, 0.0000327680, 11877.1014006242, 12031.9473314991, inf
0.0763589963, 0.0000337920, 11868.8448129282, 12044.6795508975, inf
0.0706529990, 0.0000337600, 11852.3660280439, 12023.4741291530, inf
0.0685330033, 0.0000337920, 11819.5453536845, 11770.6537493259, 0.0011774713
0.0712080002, 0.0000335040, 11819.5453536845, 11926.8831738716, inf
0.0718619972, 0.0000337920, 11630.3360104886, 11947.7489596901, inf
0.0715949982, 0.0000348160, 11803.2030856531, 11947.7489596901, inf
0.0720539987, 0.0000337920, 11742.3199885813, 11993.9116708094, 0.0011382222
0.0706740022, 0.0000317440, 11662.1128848342, 11939.3938904876, inf
0.0721110031, 0.0000327680, 11799.1245773305, 11989.7003254194, inf
0.0685940012, 0.0000316480, 11819.5453536845, 12006.5634763694, inf
0.0742890015, 0.0000327680, 11803.2030856531, 11989.7003254194, 0.0014227778
0.0706439987, 0.0000334720, 11807.2844145209, 11943.5699639015, 0.0013133333
0.0757030025, 0.0000355200, 11860.5996966983, 12117.3408540789, 0.0012195238
0.0706110001, 0.0000327680, 11823.6379940424, 11906.0901418391, inf
0.0709830001, 0.0000337920, 11786.9059464254, 11860.5996966983, 0.0015521212
0.0698700026, 0.0000327680, 11795.0488866302, 9511.6062748731, inf
0.0714920014, 0.0000348160, 9969.8296428597, 9000.1756791762, 0.0020086274
0.0782810003, 0.0000333440, 11831.8317833661, 11885.3694837433, 0.0014846377
0.0851140022, 0.0000323200, 11790.9760106334, 12036.1884126875, inf
0.0731439963, 0.0000334080, 10674.1689674256, 11968.6878818067, 0.0011382222
0.0679899976, 0.0000337920, 11819.5453536845, 12010.7866784363, inf
0.0711600035, 0.0000327680, 11766.5977004805, 12010.7866784363, inf
0.0753159970, 0.0000327360, 11856.4814329147, 12027.7092380396, 0.0341466665
0.0688249990, 0.0000460160, 11831.8317833661, 10007.8155119562, inf
0.0732780024, 0.0000336000, 11782.8386910954, 11968.6878818067, 0.0012646914
0.0794479996, 0.0000327680, 11738.2834399431, 10771.8190936260, inf
0.0811650008, 0.0000334080, 11864.7208223747, 11993.9116708094, 0.0014846377
0.0724549964, 0.0000334400, 11730.2186625883, 8957.6774729261, 0.0016260317
0.0724499971, 0.0000335360, 11835.9329382303, 12036.1884126875, inf
0.0682270005, 0.0000337920, 11730.2186625883, 10442.4056656864, inf
0.0735239983, 0.0000325440, 11807.2844145209, 12036.1884126875, inf
0.0750560015, 0.0000327680, 11614.5124240797, 11947.7489596901, 0.0016260317
0.0719579980, 0.0000335680, 11706.0906845370, 11864.7208223747, 0.0013133333
0.0743589997, 0.0000327360, 11872.9716713472, 12019.2420016876, inf
0.0807799995, 0.0000337920, 11738.2834399431, 12057.4387453370, 0.0012195238
0.0727249980, 0.0000337920, 11750.4014200944, 12010.7866784363, inf
0.0697830021, 0.0000337920, 10297.5472034965, 11881.2340037559, 0.0013658667
0.0724069998, 0.0000327680, 11742.3199885813, 11964.4942280289, 0.0011015054
0.0756990016, 0.0000347200, 11831.8317833661, 11993.9116708094, inf
0.0738649964, 0.0000317440, 11803.2030856531, 12019.2420016876, 0.0015521212
0.0707710013, 0.0000337920, 11698.0700674184, 11872.9716713472, inf
0.0782390013, 0.0000317440, 11815.4555456036, 12015.0128524963, inf
0.0744389966, 0.0000327680, 11650.1762288620, 11972.8844764356, 0.0012195238
0.0797580034, 0.0000348160, 11698.0700674184, 11815.4555456036, inf
0.0816029981, 0.0000347840, 11726.1904281574, 11981.2865006296, inf
0.0794930011, 0.0000337920, 11698.0700674184, 10423.2803805844, 0.0017073333
0.0715939999, 0.0000335680, 11734.2496655651, 11951.9308809221, 0.0013133333
0.0719169974, 0.0000335360, 11702.0790016431, 11960.3035120121, inf
0.0810080022, 0.0000337920, 11860.5996966983, 12015.0128524963, 0.0011015054
0.0731099993, 0.0000337920, 11864.7208223747, 12031.9473314991, inf
0.0758560002, 0.0000327680, 11642.2320241372, 9540.8400466036, 0.0016260317
0.0780130029, 0.0000327680, 11746.3593143428, 10958.4937505759, 0.0011015054
0.0713000000, 0.0000344320, 11786.9059464254, 11981.2865006296, inf
0.0797069967, 0.0000375360, 10282.0435190588, 10775.2182160916, inf
0.0829790011, 0.0000419840, 11758.4939830559, 12019.2420016876, inf
0.0799100026, 0.0000327680, 11827.7334696205, 9978.5699961410, 0.0011015054
0.1004379988, 0.0000337920, 9490.4576227889, 11630.3360104886, 0.0013658667
0.0760750026, 0.0000337920, 11827.7334696205, 9263.8813149198, 0.0013133333
0.0791800022, 0.0000335680, 9278.9854692376, 9613.3633239849, 0.0001067083
0.1039000005, 0.0000337920, 10843.6540256572, 11956.1157306703, inf
0.0819720030, 0.0000335040, 11835.9329382303, 11993.9116708094, 0.0011382222
0.0764470026, 0.0000344320, 11718.1422535327, 12040.4324847653, 0.0013133333
0.1081650034, 0.0000348160, 11811.3685668608, 12006.5634763694, 0.0017073333
0.0716710016, 0.0000327680, 11698.0700674184, 11981.2865006296, 0.0020086274
0.1076840013, 0.0000346880, 11823.6379940424, 12023.4741291530, inf
0.0767560005, 0.0000325760, 11819.5453536845, 11985.4919363968, inf
0.0728430003, 0.0000348160, 9233.8200451040, 11926.8831738716, inf
0.0865719989, 0.0000348160, 9932.1310432794, 11782.8386910954, 0.0010670833
0.0804919973, 0.0000327680, 11666.0972076510, 11702.0790016431, 0.0017971930
0.0890719965, 0.0000327680, 11803.2030856531, 11993.9116708094, inf
0.0763640031, 0.0000327680, 11547.7397790986, 10840.2115958078, inf
0.0892330036, 0.0000356480, 11815.4555456036, 12023.4741291530, 0.0011774713
0.0815069973, 0.0000336000, 11614.5124240797, 11956.1157306703, inf
0.0822679996, 0.0000335680, 11766.5977004805, 11960.3035120121, 0.0016260317
0.0723979995, 0.0000512000, 10205.2201215763, 10860.8990225173, inf
0.0813900009, 0.0000348160, 11072.2005599204, 11730.2186625883, 0.0011015054
0.0881699994, 0.0000327040, 11856.4814329147, 11872.9716713472, inf
0.0815899968, 0.0000337920, 11803.2030856531, 12044.6795508975, 0.0016260317
0.0768899992, 0.0000327680, 11790.9760106334, 11989.7003254194, 0.0020086274
0.0743080005, 0.0000327680, 11803.2030856531, 9562.2140931936, inf
0.0793519989, 0.0000491520, 9482.5511043584, 10909.4781235765, 0.0013658667
0.0724079981, 0.0000335040, 11811.3685668608, 11981.2865006296, 0.0018970370
0.0836250037, 0.0000327680, 11840.0369371687, 12053.1826780072, inf
0.0817670003, 0.0000325120, 11815.4555456036, 12023.4741291530, 0.0011382222
0.0760200024, 0.0000327680, 10704.2841776785, 11852.3660280439, 0.0011774713
0.0805179998, 0.0000337920, 11762.5444460194, 11993.9116708094, inf
0.0779509991, 0.0000358400, 11782.8386910954, 12010.7866784363, inf
0.0864040032, 0.0000327360, 11852.3660280439, 12053.1826780072, inf
0.0785309970, 0.0000346560, 11770.6537493259, 12010.7866784363, 0.0017073333
0.1049050018, 0.0000327680, 11807.2844145209, 9618.7793033224, inf
0.0732610002, 0.0000343680, 11803.2030856531, 11951.9308809221, 0.0010670833
0.0752509981, 0.0000335360, 11770.6537493259, 11964.4942280289, inf
0.0765379965, 0.0000337920, 11722.1649594214, 10034.2834342622, 0.0020086274
0.0790819973, 0.0000344640, 11758.4939830559, 11985.4919363968, 0.0010670833
0.0707079992, 0.0000348160, 11762.5444460194, 11922.7187593556, 0.0341466665
0.1047490016, 0.0000327680, 11782.8386910954, 11852.3660280439, 0.0021341667
0.0776429996, 0.0000353920, 11840.0369371687, 12108.7469953172, inf
0.0785849988, 0.0000327680, 8439.6111040026, 11939.3938904876, inf
0.0833889991, 0.0000354240, 11694.0638790392, 11803.2030856531, 0.0012195238
0.0790869966, 0.0000346880, 11766.5977004805, 12010.7866784363, inf
0.0964720026, 0.0000327680, 11831.8317833661, 12023.4741291530, inf
0.0720909983, 0.0000327680, 11770.6537493259, 11960.3035120121, inf
0.0721459985, 0.0000345920, 11799.1245773305, 11877.1014006242, inf
0.0710719973, 0.0000332800, 11799.1245773305, 8468.9153092248, 0.0015521212
0.0802439973, 0.0000333120, 11790.9760106334, 11993.9116708094, inf
0.0846690014, 0.0000327680, 11844.1437831406, 11989.7003254194, inf
0.0708829984, 0.0000333120, 11778.7742417366, 12057.4387453370, inf
0.0728290007, 0.0000334400, 11690.0604336852, 9621.4895820779, 0.0014846377
0.0734449998, 0.0000358400, 11766.5977004805, 12091.5957956071, inf
0.0714529976, 0.0000337920, 10316.2134522038, 12053.1826780072, inf
0.0817809999, 0.0000346240, 11811.3685668608, 12019.2420016876, 0.0012195238
0.0712919980, 0.0000343360, 11778.7742417366, 11981.2865006296, 0.0014846377
0.0718529969, 0.0000327680, 9758.9787158601, 11977.0840150103, 0.0015521212
0.0717789978, 0.0000337920, 11579.0663027448, 9586.3746565959, inf
0.0740970001, 0.0000345600, 11710.1051189281, 11906.0901418391, 0.0016260317
0.0894510001, 0.0000363840, 11714.1223076482, 12010.7866784363, 0.0013658667
0.0857210010, 0.0000356800, 10193.0347841177, 11786.9059464254, 0.0017073333
0.0861359984, 0.0000338240, 11682.0617607918, 11977.0840150103, 0.0010670833
0.0755359977, 0.0000337920, 10117.5308227539, 8103.1482028463, inf
0.0717919990, 0.0000324160, 11782.8386910954, 11981.2865006296, 0.0013133333
0.0714270025, 0.0000337920, 11686.0597285402, 11977.0840150103, 0.0014846377
0.0754050016, 0.0000317120, 11864.7208223747, 12040.4324847653, 0.0013658667
0.0784249976, 0.0000327680, 11823.6379940424, 8920.2368147321, 0.0017971930
0.0720319971, 0.0000345600, 11477.8711014435, 11960.3035120121, inf
0.0721179992, 0.0000337920, 11746.3593143428, 12015.0128524963, inf
0.0744030029, 0.0000327680, 8890.0459585510, 11881.2340037559, 0.0011774713
0.0793780014, 0.0000337920, 11819.5453536845, 12023.4741291530, inf
0.0803240016, 0.0000337920, 9798.1826475737, 11943.5699639015, 0.0017971930
0.0960299969, 0.0000437760, 11799.1245773305, 12108.7469953172, 0.0017073333
0.0747009963, 0.0000337920, 11551.6463216490, 11758.4939830559, inf
0.0881289989, 0.0000327680, 11462.4593913375, 11906.0901418391, inf
0.0889969990, 0.0000337920, 11803.2030856531, 11968.6878818067, inf
0.0815820023, 0.0000327680, 11807.2844145209, 12040.4324847653, 0.0012195238
0.0703030005, 0.0000316800, 11774.7125954464, 11977.0840150103, inf
0.0752220005, 0.0000337920, 11815.4555456036, 11972.8844764356, 0.0341466665
0.0788049996, 0.0000356160, 11363.2833699815, 11893.6490863094, inf
0.0752260014, 0.0000345280, 11355.7254828049, 11901.9402324135, inf
0.0768690035, 0.0000327680, 8853.1673649973, 8780.3205263035, 0.0013133333
0.0728430003, 0.0000317440, 11790.9760106334, 12031.9473314991, 0.0015521212
0.0849570036, 0.0000337920, 11819.5453536845, 12002.3432431615, 0.0017971930
0.0822009966, 0.0000337920, 11840.0369371687, 11981.2865006296, 0.0011015054
0.0866530016, 0.0000337920, 11508.8191866513, 10864.3546060434, inf
0.0785339996, 0.0000337920, 11819.5453536845, 11025.7237735855, 0.0013658667
0.0754799992, 0.0000353920, 11750.4014200944, 11985.4919363968, 0.0017073333
0.0732629970, 0.0000376000, 11770.6537493259, 8489.9717868708, 0.0014846377
0.0719500035, 0.0000389120, 11650.1762288620, 12044.6795508975, 0.0013133333
0.0777769983, 0.0000317440, 11835.9329382303, 9583.6841220304, inf
0.0755589977, 0.0000333760, 9978.5699961410, 12006.5634763694, 0.0017971930
0.0744260028, 0.0000344320, 11718.1422535327, 11968.6878818067, 0.0015521212
0.0713739991, 0.0000327360, 11758.4939830559, 11989.7003254194, inf
0.0814730003, 0.0000337920, 11770.6537493259, 12169.1612711313, inf
0.0766350031, 0.0000323840, 11840.0369371687, 12027.7092380396, inf
0.0811050013, 0.0000337920, 11310.5884487560, 11856.4814329147, 0.0018970370
0.0722239986, 0.0000324800, 11868.8448129282, 9464.1536936792, inf
0.0732360035, 0.0000327680, 11807.2844145209, 12070.2250006343, 0.0012195238
0.0731209964, 0.0000322880, 11734.2496655651, 11951.9308809221, 0.0013658667
0.0718770027, 0.0000358400, 11746.3593143428, 11977.0840150103, inf
0.0741370022, 0.0000358400, 11698.0700674184, 11956.1157306703, inf
0.0762389973, 0.0000343360, 11848.2534791098, 12006.5634763694, 0.0011382222
0.0747810006, 0.0000327680, 11819.5453536845, 11935.2207363839, inf
0.0775609985, 0.0000335360, 11807.2844145209, 11877.1014006242, 0.0012195238
0.0732749999, 0.0000347520, 11666.0972076510, 12070.2250006343, inf
0.0759589970, 0.0000327680, 7465.3840242227, 11807.2844145209, inf
0.0729200020, 0.0000348160, 11686.0597285402, 10223.5528523337, inf
0.0781280026, 0.0000327680, 11774.7125954464, 9007.2979495633, inf
0.0783109963, 0.0000344000, 11774.7125954464, 12019.2420016876, inf
0.0737389997, 0.0000358400, 11819.5453536845, 11989.7003254194, inf
0.0711800009, 0.0000333440, 11528.2466329488, 11931.0504985305, 0.0018970370
0.0730689988, 0.0000327680, 11848.2534791098, 12044.6795508975, 0.0012646914
0.0756279975, 0.0000335360, 11622.4188314481, 10765.0272783085, inf
0.0743570030, 0.0000333760, 11856.4814329147, 12053.1826780072, inf
0.0765110031, 0.0000327680, 11864.7208223747, 11977.0840150103, 0.0010670833
0.0713590011, 0.0000323840, 11795.0488866302, 12006.5634763694, 0.0011015054
0.0815989971, 0.0000327680, 11807.2844145209, 12036.1884126875, 0.0012195238
0.0748710036, 0.0000337920, 11782.8386910954, 11981.2865006296, inf
0.0740820020, 0.0000334400, 11766.5977004805, 11968.6878818067, inf
0.0790859982, 0.0000343680, 11758.4939830559, 11985.4919363968, inf
0.0701690018, 0.0000355520, 9886.1223297031, 12019.2420016876, 0.0012646914
0.0759230033, 0.0000337920, 11766.5977004805, 11998.1259756832, inf
0.0813329965, 0.0000344000, 11815.4555456036, 11964.4942280289, inf
0.0814870000, 0.0000345280, 11746.3593143428, 12040.4324847653, inf
0.0833849981, 0.0000348160, 11439.4192719579, 9031.1204778615, inf
0.0793780014, 0.0000325120, 11579.0663027448, 11939.3938904876, inf
0.0821499974, 0.0000337920, 11782.8386910954, 11960.3035120121, 0.0011015054
0.0811389983, 0.0000337920, 11795.0488866302, 12061.6978194258, inf
0.0819670036, 0.0000337920, 11872.9716713472, 12002.3432431615, inf
0.0773430020, 0.0000327680, 11819.5453536845, 12036.1884126875, 0.0012195238
0.0723100007, 0.0000327680, 11770.6537493259, 11960.3035120121, inf
0.0746460035, 0.0000327680, 11819.5453536845, 12057.4387453370, 0.0012195238
0.0789410025, 0.0000337920, 11710.1051189281, 12010.7866784363, inf
0.0823270008, 0.0000325120, 11868.8448129282, 12027.7092380396, 0.0018970370
0.0720890015, 0.0000337920, 11734.2496655651, 12010.7866784363, 0.0010670833
0.0764079988, 0.0000337920, 11762.5444460194, 12023.4741291530, 0.0014846377
0.0724480003, 0.0000328000, 9278.9854692376, 9386.1095455730, 0.0014227778
0.0763759986, 0.0000333440, 11790.9760106334, 12019.2420016876, 0.0012646914
0.0713540018, 0.0000336000, 11710.1051189281, 11926.8831738716, inf
0.0761480033, 0.0000325120, 11774.7125954464, 11981.2865006296, 0.0015521212
0.0721049979, 0.0000333440, 11786.9059464254, 12002.3432431615, 0.0015521212
0.0691810027, 0.0000317440, 11835.9329382303, 11947.7489596901, inf
0.0751840025, 0.0000327680, 11790.9760106334, 12019.2420016876, inf
0.0712359995, 0.0000359360, 11666.0972076510, 11666.0972076510, 0.0011382222
0.0708689988, 0.0000317440, 11734.2496655651, 11939.3938904876, 0.0016260317
0.0754830018, 0.0000334400, 11718.1422535327, 11951.9308809221, inf
0.0792609975, 0.0000337920, 11734.2496655651, 12010.7866784363, inf
0.0730739981, 0.0000346880, 11738.2834399431, 12027.7092380396, 0.0020086274
0.0777330026, 0.0000337920, 11807.2844145209, 11981.2865006296, 0.0012646914
0.0749730021, 0.0000328000, 11786.9059464254, 12006.5634763694, inf
0.0714759976, 0.0000327680, 11758.4939830559, 11985.4919363968, inf
0.0733250007, 0.0000327680, 11742.3199885813, 11947.7489596901, inf
0.0777660012, 0.0000343680, 11803.2030856531, 12031.9473314991, 0.0018970370
0.0769700035, 0.0000337920, 11686.0597285402, 11951.9308809221, 0.0016260317
0.0712540001, 0.0000327680, 11718.1422535327, 10905.9937805156, 0.0015521212
0.0719399974, 0.0000317440, 11807.2844145209, 12019.2420016876, inf
0.0737660006, 0.0000337920, 11774.7125954464, 9440.6045139050, 0.0018970370
0.0681440011, 0.0000459840, 8526.0091202982, 11662.1128848342, 0.0011774713
0.0736019984, 0.0000327680, 11799.1245773305, 11901.9402324135, inf
0.0706989989, 0.0000336960, 11610.5632529053, 11918.5572519352, inf
0.0715489984, 0.0000322880, 10799.0722728635, 11993.9116708094, inf
0.0761500001, 0.0000347520, 11799.1245773305, 11989.7003254194, inf
0.0850740001, 0.0000337920, 11626.3760731340, 11872.9716713472, 0.0011382222
0.0873219967, 0.0000327680, 11840.0369371687, 11989.7003254194, 0.0011382222
0.0785960034, 0.0000327680, 11803.2030856531, 11872.9716713472, inf
0.0769359991, 0.0000398080, 10799.0722728635, 9624.2013886117, 0.0011382222
0.0727439970, 0.0000346240, 11815.4555456036, 11926.8831738716, inf
0.0767569989, 0.0000522240, 8218.2109571106, 9578.3075811485, 0.0014227778
0.0723910034, 0.0000337920, 8662.2695400290, 11926.8831738716, 0.0018970370
0.0726680011, 0.0000334720, 11718.1422535327, 12002.3432431615, 0.0014846377
0.0778170004, 0.0000323840, 11811.3685668608, 11985.4919363968, 0.0014227778
0.0852330029, 0.0000327680, 11860.5996966983, 12006.5634763694, 0.0018970370
0.0867630020, 0.0000337920, 11774.7125954464, 12074.4931141423, 0.0015521212
0.0760599971, 0.0000337920, 11714.1223076482, 11914.3986485675, inf
0.0743279979, 0.0000337920, 11848.2534791098, 12027.7092380396, inf
0.0733710006, 0.0000348160, 11598.7318365470, 11931.0504985305, 0.0014846377
0.0704689994, 0.0000337920, 11864.7208223747, 11844.1437831406, inf
0.0707459971, 0.0000335680, 10288.2393874042, 8832.5573012919, 0.0014227778
0.0839369968, 0.0000337920, 11766.5977004805, 12061.6978194258, inf
0.0799840018, 0.0000333120, 11477.8711014435, 11678.0665276315, 0.0011382222
0.0964810029, 0.0000450560, 11750.4014200944, 12156.1646588802, inf
0.1102539971, 0.0000418560, 11686.0597285402, 12091.5957956071, inf
0.0711980015, 0.0000327680, 11807.2844145209, 12070.2250006343, inf
0.0891709998, 0.0000388480, 11840.0369371687, 12160.4937773484, 0.0014227778
0.0846650004, 0.0000337920, 11762.5444460194, 11893.6490863094, 0.0013658667
0.0958399996, 0.0000348160, 9993.1713569782, 9524.8721134713, inf
0.0917859972, 0.0000337920, 11654.1523982234, 11642.2320241372, inf
0.0843010023, 0.0000337920, 11477.8711014435, 10734.5697977977, 0.0013658667
0.0992859975, 0.0000337920, 10944.4443996136, 11710.1051189281, inf
0.0865930021, 0.0000344640, 9055.0693521067, 11610.5632529053, 0.0013658667
0.0995270014, 0.0000337920, 11555.5555082215, 12113.0424004237, inf
0.0837809965, 0.0000348160, 11690.0604336852, 11981.2865006296, inf
0.0904949978, 0.0000358400, 11408.8428088187, 11670.0842538600, inf
0.0906220004, 0.0000348160, 11225.0711790909, 10990.2370540053, inf
0.0867080018, 0.0000348160, 11579.0663027448, 11951.9308809221, 0.0015521212
0.0910279974, 0.0000338240, 11276.9704513852, 11532.1399955402, inf
0.0918560028, 0.0000337600, 11835.9329382303, 12002.3432431615, 0.0017073333
0.0781909972, 0.0000417920, 11766.5977004805, 11827.7334696205, inf
0.0879509971, 0.0000477440, 11586.9245085831, 10043.1372137631, inf
0.0776219964, 0.0000358400, 10347.4747050892, 7332.3312275702, 0.0020086274
0.0756459981, 0.0000327680, 9383.5302354478, 11972.8844764356, inf
0.0683029965, 0.0000317440, 11864.7208223747, 12031.9473314991, 0.0020086274
0.0716380030, 0.0000326720, 11690.0604336852, 11844.1437831406, 0.0011774713
0.0733459964, 0.0000337920, 11746.3593143428, 11998.1259756832, inf
0.0741740018, 0.0000336320, 10288.2393874042, 7915.3144475648, inf
0.0817790031, 0.0000327360, 11786.9059464254, 11977.0840150103, inf
0.0867590010, 0.0000337920, 10288.2393874042, 11774.7125954464, 0.0021341667
0.0723399967, 0.0000333760, 11856.4814329147, 12002.3432431615, inf
0.0730720013, 0.0000344960, 11678.0665276315, 12023.4741291530, inf
0.0703909993, 0.0000348160, 11844.1437831406, 12027.7092380396, inf
0.0770749971, 0.0000336000, 11734.2496655651, 11856.4814329147, inf
0.0801450014, 0.0000345280, 11563.3818241769, 11726.1904281574, 0.0011382222
0.0721329972, 0.0000358400, 11622.4188314481, 11782.8386910954, 0.0010670833
0.0741759986, 0.0000337920, 11662.1128848342, 11998.1259756832, 0.0017073333
0.0758429989, 0.0000368640, 11462.4593913375, 11918.5572519352, 0.0016260317
0.0747950003, 0.0000337920, 11811.3685668608, 12010.7866784363, inf
0.0814080015, 0.0000364160, 11815.4555456036, 12138.8789643777, inf
0.0753929988, 0.0000342400, 11790.9760106334, 12036.1884126875, 0.0014227778
0.0755349994, 0.0000336000, 10063.8569191849, 10202.1710567058, inf
0.0723619983, 0.0000336000, 11823.6379940424, 11977.0840150103, 0.0020086274
0.0747290030, 0.0000337920, 11815.4555456036, 10300.6535525775, 0.0011382222
0.0779810026, 0.0000471040, 11626.3760731340, 9487.8206520685, 0.0011015054
0.0818149969, 0.0000327680, 11823.6379940424, 12027.7092380396, 0.0011774713
0.0750759989, 0.0000357440, 10771.8190936260, 11956.1157306703, inf
0.0747200027, 0.0000337920, 11868.8448129282, 10168.7511991645, 0.0010670833
0.0801450014, 0.0000337920, 10117.5308227539, 10881.6655598453, inf
0.0747990012, 0.0000337920, 11795.0488866302, 11993.9116708094, inf
0.0772700012, 0.0000335680, 11710.1051189281, 8373.3856122595, inf
0.0739459991, 0.0000337920, 11782.8386910954, 11998.1259756832, inf
0.0775180012, 0.0000317440, 11803.2030856531, 11981.2865006296, inf
0.0843110010, 0.0000471040, 11778.7742417366, 9607.9534402911, inf
0.0732320026, 0.0000348160, 9556.8616083947, 8843.9954744352, inf
0.0799809992, 0.0000337920, 11742.3199885813, 12061.6978194258, inf
0.1009849980, 0.0000336320, 11844.1437831406, 12027.7092380396, 0.0013133333
0.0815860033, 0.0000337920, 11848.2534791098, 12027.7092380396, 0.0014846377
0.0801229998, 0.0000333760, 11831.8317833661, 12053.1826780072, 0.0017073333
0.0824920014, 0.0000326400, 11811.3685668608, 11977.0840150103, 0.0012646914
0.0841619968, 0.0000327680, 11795.0488866302, 11993.9116708094, 0.0011774713
0.0821629986, 0.0000366720, 11726.1904281574, 11985.4919363968, 0.0020086274
0.0737909973, 0.0000337920, 11835.9329382303, 11989.7003254194, inf
0.0805509984, 0.0000337920, 11844.1437831406, 12010.7866784363, inf
0.0693550035, 0.0000327680, 10704.2841776785, 9583.6841220304, inf
0.0726360008, 0.0000344960, 11782.8386910954, 11901.9402324135, inf
0.0768539980, 0.0000333120, 11889.5078435914, 12023.4741291530, inf
0.0798759982, 0.0000337920, 9961.1045877463, 11931.0504985305, 0.0015521212
0.0745640025, 0.0000345920, 11819.5453536845, 12002.3432431615, 0.0015521212
0.0758149996, 0.0000334400, 11840.0369371687, 12027.7092380396, 0.0011774713
0.0699290037, 0.0000343680, 11827.7334696205, 11977.0840150103, inf
0.0734390020, 0.0000337920, 11811.3685668608, 11939.3938904876, inf
0.0715060011, 0.0000325440, 11815.4555456036, 11914.3986485675, inf
0.0735199973, 0.0000348160, 11819.5453536845, 11972.8844764356, 0.0017073333
0.0698719993, 0.0000327680, 11848.2534791098, 11989.7003254194, 0.0017073333
0.0828970000, 0.0000337920, 11827.7334696205, 12040.4324847653, inf
0.0858779997, 0.0000348160, 11754.4463087072, 12173.4996530461, 0.0014227778
0.0813589990, 0.0000335040, 11807.2844145209, 12006.5634763694, 0.0012195238
0.0716999993, 0.0000334400, 11868.8448129282, 11951.9308809221, 0.0010670833
0.0724529997, 0.0000337920, 11730.2186625883, 11977.0840150103, inf
0.0825299993, 0.0000337920, 9524.8721134713, 9572.9370694686, 0.0015521212
0.0837500021, 0.0000317440, 11795.0488866302, 11989.7003254194, inf
0.0708350018, 0.0000327680, 10159.6746583738, 11939.3938904876, inf
0.0705310032, 0.0000336000, 11872.9716713472, 11061.4404038855, inf
0.0821319968, 0.0000337920, 10180.8785112685, 7867.8955130863, 0.0017073333
0.0774130002, 0.0000326400, 11774.7125954464, 12061.6978194258, 0.0013658667
0.0741060004, 0.0000346880, 11774.7125954464, 11872.9716713472, inf
0.0843639970, 0.0000343360, 9493.0960597149, 12027.7092380396, inf
0.0858979970, 0.0000327680, 8666.6666311661, 11972.8844764356, 0.0014227778
0.0744969994, 0.0000327680, 11754.4463087072, 11993.9116708094, inf
0.0796639994, 0.0000334400, 11885.3694837433, 12019.2420016876, inf
0.0780960023, 0.0000343040, 11807.2844145209, 11993.9116708094, inf
0.0849469975, 0.0000348160, 11770.6537493259, 12015.0128524963, inf
0.0770699978, 0.0000324160, 11848.2534791098, 11972.8844764356, inf
0.0733110011, 0.0000562560, 8967.0867980027, 10758.2440223045, 0.0020086274
0.0783919990, 0.0000337920, 11714.1223076482, 10193.0347841177, 0.0011382222
0.0733330026, 0.0000346240, 11722.1649594214, 10235.8113089911, inf
0.0788040012, 0.0000337920, 11754.4463087072, 7559.5896672115, inf
0.0828950033, 0.0000336960, 11844.1437831406, 12053.1826780072, 0.0013133333
0.0792530030, 0.0000336320, 11754.4463087072, 12019.2420016876, inf
0.0813959986, 0.0000368640, 9949.4949087396, 11646.2027717580, inf
0.0712009966, 0.0000345280, 11782.8386910954, 11926.8831738716, 0.0013133333
0.0795840025, 0.0000552960, 11710.1051189281, 6988.6750975838, 0.0014846377
0.0705640018, 0.0000337920, 11702.0790016431, 11856.4814329147, inf
0.0755520016, 0.0000337920, 11567.2989589412, 11964.4942280289, 0.0014846377
0.0751489997, 0.0000337920, 11840.0369371687, 12015.0128524963, inf
0.0709140003, 0.0000347520, 11746.3593143428, 11972.8844764356, 0.0017971930
0.0760070011, 0.0000348160, 11778.7742417366, 9567.5725768547, inf
0.0791610032, 0.0000327680, 11868.8448129282, 12044.6795508975, 0.0016260317
0.0739919990, 0.0000317760, 11811.3685668608, 11989.7003254194, inf
0.0782260001, 0.0000348160, 11844.1437831406, 11960.3035120121, 0.0017971930
0.0713310018, 0.0000324800, 11815.4555456036, 12015.0128524963, 0.0016260317
0.0772729963, 0.0000348160, 11634.2986462673, 11758.4939830559, 0.0011015054
0.0744040012, 0.0000337280, 11815.4555456036, 11901.9402324135, inf
0.0749270022, 0.0000333440, 11754.4463087072, 11960.3035120121, inf
0.0739969984, 0.0000337920, 11807.2844145209, 12036.1884126875, 0.0012195238
0.0748239979, 0.0000348160, 11786.9059464254, 10171.7803177821, 0.0341466665
0.0738139972, 0.0000348480, 10025.4452515544, 11926.8831738716, 0.0020086274
0.0806849971, 0.0000409600, 11774.7125954464, 11968.6878818067, 0.0011015054
0.0714860037, 0.0000509120, 11458.6129284545, 10912.9646937662, 0.0012646914
0.0752039999, 0.0000337920, 11840.0369371687, 12040.4324847653, 0.0011015054
0.0800260007, 0.0000368640, 8960.0279524520, 11746.3593143428, 0.0017073333
0.0747950003, 0.0000333120, 11778.7742417366, 10363.1764876463, 0.0013133333
0.0729420036, 0.0000337920, 11734.2496655651, 11977.0840150103, inf
0.0743059963, 0.0000337600, 9430.1757875710, 10338.0764537676, 0.0013133333
0.0730350018, 0.0000338240, 11885.3694837433, 11981.2865006296, inf
0.0747689977, 0.0000333440, 11819.5453536845, 12006.5634763694, inf
0.0698599964, 0.0000324800, 11734.2496655651, 11799.1245773305, 0.0011774713
0.0743170008, 0.0000358400, 11734.2496655651, 12040.4324847653, 0.0016260317
0.0794479996, 0.0000326080, 11860.5996966983, 12044.6795508975, 0.0011774713
0.0756720006, 0.0000333760, 11738.2834399431, 11811.3685668608, 0.0010670833
0.0752580017, 0.0000334080, 11774.7125954464, 12006.5634763694, 0.0013658667
0.0783360004, 0.0000335680, 11634.2986462673, 11926.8831738716, 0.0012646914
0.0739710033, 0.0000337920, 11722.1649594214, 11889.5078435914, 0.0012195238
0.0760599971, 0.0000327680, 11718.1422535327, 11782.8386910954, 0.0014227778
0.0759259984, 0.0000337920, 11754.4463087072, 11968.6878818067, 0.0020086274
0.0721310005, 0.0000325760, 11786.9059464254, 11947.7489596901, 0.0018970370
0.0809639990, 0.0000337920, 11803.2030856531, 8406.3679288022, inf
0.0787929967, 0.0000327360, 11807.2844145209, 11989.7003254194, inf
0.0718410015, 0.0000337920, 11650.1762288620, 12053.1826780072, 0.0013658667
0.0710180029, 0.0000328000, 11742.3199885813, 11951.9308809221, inf
0.0726059973, 0.0000337920, 11758.4939830559, 12053.1826780072, 0.0012195238
0.0740749985, 0.0000327680, 11770.6537493259, 10313.0977127135, 0.0017971930
0.0754619986, 0.0000327680, 11877.1014006242, 12074.4931141423, 0.0014227778
0.0712540001, 0.0000345600, 10028.3895820248, 9543.5065754037, inf
0.0754420012, 0.0000337920, 11807.2844145209, 11981.2865006296, 0.0013133333
0.0704180002, 0.0000317760, 11718.1422535327, 11893.6490863094, 0.0013133333
0.0740119964, 0.0000347200, 11815.4555456036, 11981.2865006296, 0.0010670833
0.0736970007, 0.0000347840, 11750.4014200944, 11910.2429462136, 0.0015521212
0.0735519975, 0.0000337920, 11786.9059464254, 9181.6796253817, 0.0017971930
0.0769879967, 0.0000333120, 11848.2534791098, 12006.5634763694, inf
0.0715269968, 0.0000336960, 11634.2986462673, 11939.3938904876, 0.0017971930
0.0718730018, 0.0000324480, 10667.4996959683, 11864.7208223747, 0.0013133333
0.0722419992, 0.0000327680, 10627.6584272625, 11852.3660280439, inf
0.0729919970, 0.0000327680, 11726.1904281574, 11840.0369371687, 0.0011382222
0.0805720016, 0.0000337920, 11750.4014200944, 12010.7866784363, inf
0.0715759993, 0.0000327680, 11795.0488866302, 12036.1884126875, inf
0.0746869966, 0.0000327680, 11730.2186625883, 11868.8448129282, 0.0013133333
0.0726099983, 0.0000327680, 11860.5996966983, 12006.5634763694, 0.0015521212
0.0768150017, 0.0000327680, 11782.8386910954, 11922.7187593556, 0.0014227778
0.0883890018, 0.0000327680, 11815.4555456036, 12015.0128524963, inf
0.0734419972, 0.0000354880, 11730.2186625883, 11901.9402324135, inf
0.0716829970, 0.0000344000, 11778.7742417366, 12002.3432431615, inf
0.0745040029, 0.0000336000, 10680.8465832951, 11922.7187593556, 0.0018970370
0.0732539967, 0.0000343360, 11782.8386910954, 11981.2865006296, 0.0012646914
0.0778400004, 0.0000378880, 10647.5417919534, 8934.2403262152, 0.0016260317
0.0774480030, 0.0000337920, 11702.0790016431, 12015.0128524963, 0.0015521212
0.0827760026, 0.0000365440, 11807.2844145209, 12074.4931141423, inf
0.0788220018, 0.0000336000, 11877.1014006242, 12019.2420016876, 0.0011774713
0.0736799985, 0.0000348160, 9567.5725768547, 10741.3232232760, 0.0017971930
0.0784609988, 0.0000337920, 11746.3593143428, 11790.9760106334, 0.0012646914
0.0697479993, 0.0000337920, 11686.0597285402, 11964.4942280289, 0.0017073333
0.0734649971, 0.0000348160, 11424.1105810620, 10809.3278020875, 0.0017971930
0.0739040002, 0.0000337920, 9472.0295497349, 9562.2140931936, inf
0.0741069987, 0.0000358400, 9490.4576227889, 11960.3035120121, inf
0.0744429976, 0.0000337920, 10677.5067313303, 11947.7489596901, 0.0011015054
0.0812359974, 0.0000367680, 11811.3685668608, 10714.3603786616, inf
0.0724409968, 0.0000326720, 11872.9716713472, 11918.5572519352, 0.0018970370
0.0744180009, 0.0000347520, 11795.0488866302, 11893.6490863094, 0.0011774713
0.0798249990, 0.0000345280, 11889.5078435914, 12010.7866784363, 0.0013133333
0.0733449981, 0.0000334080, 11786.9059464254, 12006.5634763694, inf
0.0714740008, 0.0000327680, 11786.9059464254, 11964.4942280289, 0.0017073333
0.0696249977, 0.0000335360, 11799.1245773305, 11848.2534791098, 0.0018970370
0.0809200034, 0.0000337920, 11734.2496655651, 12019.2420016876, 0.0016260317
0.0757979974, 0.0000388480, 9589.0667022731, 8049.6620760949, inf
0.0816230029, 0.0000327360, 11799.1245773305, 12002.3432431615, 0.0012195238
0.0795660019, 0.0000346240, 11738.2834399431, 10912.9646937662, inf
0.0759859979, 0.0000327680, 11823.6379940424, 12040.4324847653, 0.0012646914
0.0757310018, 0.0000337920, 8255.9638604435, 11868.8448129282, inf
0.0821830034, 0.0000335680, 11848.2534791098, 12048.9296142535, inf
0.0793230012, 0.0000333760, 11811.3685668608, 10241.9515677248, inf
0.0726760030, 0.0000378880, 11803.2030856531, 10019.5617742941, 0.0015521212
0.0763539970, 0.0000327680, 10864.3546060434, 10799.0722728635, inf
0.0812700018, 0.0000347520, 11746.3593143428, 11935.2207363839, inf
0.0818670020, 0.0000336000, 11852.3660280439, 11981.2865006296, 0.0020086274
0.0705780014, 0.0000317440, 11860.5996966983, 12010.7866784363, inf
0.0762460008, 0.0000339200, 11786.9059464254, 11893.6490863094, 0.0013658667
0.0713630021, 0.0000347520, 11827.7334696205, 11968.6878818067, inf
0.0765189976, 0.0000325120, 11750.4014200944, 11956.1157306703, 0.0017073333
0.0814149976, 0.0000336000, 11718.1422535327, 12002.3432431615, 0.0341466665
0.0730059966, 0.0000348160, 11710.1051189281, 11918.5572519352, inf
0.0675249994, 0.0000326400, 11790.9760106334, 10285.1405201188, inf
0.0874850005, 0.0000327680, 11819.5453536845, 12023.4741291530, 0.0011774713
0.0707060024, 0.0000337920, 11586.9245085831, 11072.2005599204, 0.0341466665
0.0850720033, 0.0000450560, 11714.1223076482, 12143.1957776652, 0.0017971930
0.0725679994, 0.0000368640, 11750.4014200944, 11790.9760106334, inf
0.0729779974, 0.0000326720, 11803.2030856531, 11981.2865006296, 0.0010670833
0.0796720013, 0.0000317440, 11852.3660280439, 12010.7866784363, inf
0.0722099990, 0.0000337920, 11815.4555456036, 12010.7866784363, 0.0013133333
0.0800869986, 0.0000336320, 11694.0638790392, 9583.6841220304, 0.0011015054
0.0782620013, 0.0000327680, 11807.2844145209, 12023.4741291530, 0.0016260317
0.0728729963, 0.0000346240, 11714.1223076482, 12074.4931141423, 0.0341466665
0.0731849968, 0.0000337920, 11630.3360104886, 11827.7334696205, 0.0011015054
0.0747539997, 0.0000336640, 11702.0790016431, 11893.6490863094, 0.0010670833
0.0707999989, 0.0000327680, 11626.3760731340, 11939.3938904876, 0.0016260317
0.0979079977, 0.0000439680, 11782.8386910954, 12147.5156623246, inf
0.0823080018, 0.0000343360, 11835.9329382303, 12031.9473314991, 0.0011774713
0.0742819980, 0.0000327680, 11815.4555456036, 11989.7003254194, inf
0.0852859989, 0.0000337920, 11658.1312826202, 11943.5699639015, 0.0013658667
0.0894690007, 0.0000348160, 7137.6811301828, 10829.8974078003, inf
0.0886119977, 0.0000337920, 11831.8317833661, 11981.2865006296, 0.0010670833
0.0729700029, 0.0000337920, 11790.9760106334, 11864.7208223747, 0.0018970370
0.0808349997, 0.0000337920, 11778.7742417366, 12019.2420016876, inf
0.0840900019, 0.0000348160, 11774.7125954464, 12019.2420016876, 0.0020086274
0.0800530016, 0.0000348160, 11702.0790016431, 11827.7334696205, inf
0.0876440033, 0.0000323200, 11795.0488866302, 11977.0840150103, inf
0.0711409971, 0.0000327680, 11662.1128848342, 10010.7494948093, 0.0010670833
0.0708199963, 0.0000327680, 11690.0604336852, 11943.5699639015, 0.0016260317
0.0718920007, 0.0000327680, 11840.0369371687, 11906.0901418391, 0.0014227778
0.0703869984, 0.0000335040, 9443.2153005516, 7488.3040628935, inf
0.0753379986, 0.0000327680, 11790.9760106334, 11985.4919363968, 0.0013133333
0.0834750012, 0.0000336320, 11698.0700674184, 12015.0128524963, 0.0010670833
0.0765220001, 0.0000337600, 11872.9716713472, 11993.9116708094, inf
0.0824920014, 0.0000333440, 11868.8448129282, 12053.1826780072, 0.0016260317
0.0712030008, 0.0000334720, 11778.7742417366, 12015.0128524963, 0.0013658667
0.0835649967, 0.0000328000, 11819.5453536845, 11993.9116708094, inf
0.0720039979, 0.0000327680, 11815.4555456036, 12006.5634763694, 0.0013133333
0.0676259995, 0.0000512000, 11778.7742417366, 11864.7208223747, 0.0016260317
0.0741320029, 0.0000327680, 11770.6537493259, 11754.4463087072, inf
0.0713329986, 0.0000343680, 11860.5996966983, 11993.9116708094, inf
0.0842119977, 0.0000337280, 11762.5444460194, 12010.7866784363, 0.0012646914
0.0733319968, 0.0000337920, 11778.7742417366, 11881.2340037559, inf
0.0771109983, 0.0000347840, 11754.4463087072, 12027.7092380396, 0.0012195238
0.0733999982, 0.0000582720, 11730.2186625883, 11811.3685668608, 0.0012646914
0.0770189986, 0.0000470080, 11563.3818241769, 11079.3856349106, inf
0.0731099993, 0.0000337920, 11738.2834399431, 11778.7742417366, inf
0.0687189996, 0.0000317440, 11551.6463216490, 12006.5634763694, 0.0341466665
0.0705239996, 0.0000337920, 11848.2534791098, 11885.3694837433, inf
0.0718820021, 0.0000327680, 11734.2496655651, 11926.8831738716, inf
0.0814630017, 0.0000337920, 11844.1437831406, 12023.4741291530, 0.0017971930
0.0747459978, 0.0000327360, 11807.2844145209, 11985.4919363968, 0.0011382222
0.0736420006, 0.0000337920, 10788.8361854011, 11931.0504985305, 0.0013133333
0.0832829997, 0.0000317440, 11770.6537493259, 11960.3035120121, 0.0341466665
0.0835570022, 0.0000337920, 11844.1437831406, 12023.4741291530, 0.0013658667
0.0847230032, 0.0000327680, 11807.2844145209, 10451.9946516053, inf
0.0733499974, 0.0000337280, 11762.5444460194, 11844.1437831406, inf
0.0749469995, 0.0000345600, 11799.1245773305, 11947.7489596901, inf
0.0740870014, 0.0000355200, 11481.7305066558, 11956.1157306703, 0.0011015054
0.0747329965, 0.0000343360, 11714.1223076482, 11868.8448129282, inf
0.0750640035, 0.0000327360, 11848.2534791098, 12031.9473314991, inf
0.0790140033, 0.0000365120, 8167.1051248013, 10741.3232232760, inf
0.0739139989, 0.0000337920, 11524.3558983444, 11774.7125954464, inf
0.0825800002, 0.0000327680, 11678.0665276315, 11795.0488866302, 0.0012195238
0.0857919976, 0.0000337920, 11602.6729618737, 11844.1437831406, 0.0016260317
0.0823580027, 0.0000327680, 11831.8317833661, 11960.3035120121, inf
0.0847939998, 0.0000446720, 11754.4463087072, 12143.1957776652, inf
