0.0764589980, 0.0002498560, 31.1991469402, 1112.1354451994, 0.0000010482
0.0760999992, 0.0002396160, 31.5444851284, 1098.7362229680, inf
0.0825949982, 0.0002406400, 31.4574358421, 1098.7362229680, 0.0000014475
0.0750510022, 0.0002539200, 28.8045187954, 1098.7362229680, inf
0.0822559968, 0.0002478080, 31.3170008607, 868.5248238700, inf
0.0802550018, 0.0002508800, 31.3062500880, 1098.7362229680, 0.0000013817
0.0812409967, 0.0002406720, 28.7954235890, 1112.1354451994, inf
0.0776010007, 0.0002478400, 31.4357485372, 1112.1354451994, 0.0000015199
0.0795679986, 0.0002447360, 31.7200370457, 1112.1354451994, 0.0000017881
0.0686419979, 0.0002457600, 31.7310739410, 1085.6560298375, inf
0.0769859999, 0.0002385920, 31.6539765728, 1125.8655124240, 0.0000013817
0.0774519965, 0.0002478080, 31.5117852475, 1112.1354451994, 0.0000011259
0.0721310005, 0.0002488320, 31.2740420118, 1112.1354451994, 0.0000009499
0.0733530000, 0.0002385920, 31.5663227782, 1112.1354451994, 0.0000015199
0.0728169978, 0.0002495680, 31.5335776301, 1098.7362229680, 0.0000015999
0.0775889978, 0.0002375680, 31.4032735903, 1112.1354451994, inf
0.0741290003, 0.0002385920, 31.3385245726, 1112.1354451994, 0.0000013217
0.0719079971, 0.0002457600, 31.5009003476, 1112.1354451994, 0.0000015999
0.0752239972, 0.0002447360, 31.4791530916, 1098.7362229680, 0.0000010857
0.0851299986, 0.0002600960, 31.5335776301, 1085.6560298375, 0.0000009806
0.0855579972, 0.0002569280, 31.3816608762, 1060.4082151901, 0.0000009499
0.0764990002, 0.0002475200, 27.5430705244, 1125.8655124240, 0.0000015199
0.0750000030, 0.0002457600, 27.2549630922, 1112.1354451994, inf
0.0701590031, 0.0002467840, 31.4574358421, 1112.1354451994, 0.0000013817
0.0723839998, 0.0002539520, 31.3816608762, 1112.1354451994, 0.0000015199
0.0738980025, 0.0002505920, 30.6229370404, 1098.7362229680, inf
0.0702819973, 0.0002498560, 27.2386817522, 1072.8836059570, inf
0.0689869970, 0.0002498560, 31.5009003476, 1098.7362229680, 0.0000010857
0.0717440024, 0.0002478080, 31.5226776724, 1098.7362229680, 0.0000009806
0.1038390025, 0.0002529280, 31.4249160945, 1112.1354451994, 0.0000014475
0.0769679993, 0.0002478080, 31.4140911148, 1112.1354451994, inf
0.0827879980, 0.0002488320, 31.5226776724, 991.2511576777, inf
0.0775279999, 0.0002659840, 21.3371798096, 1112.1354451994, inf
0.0838679969, 0.0002505280, 31.6869723789, 1125.8655124240, 0.0000009806
0.0716940016, 0.0002488320, 31.5009003476, 1098.7362229680, 0.0000014475
0.0716840029, 0.0002496000, 31.2847706711, 1112.1354451994, 0.0000012159
0.0697569996, 0.0002498560, 31.3385245726, 1002.1440275423, 0.0000010482
0.0752630010, 0.0002560000, 25.3742644703, 1085.6560298375, inf
0.0746460035, 0.0002524480, 31.3816608762, 1098.7362229680, inf
0.0700080022, 0.0002498560, 31.5663227782, 1125.8655124240, 0.0000013217
0.0765929967, 0.0002426880, 31.5991360036, 1085.6560298375, inf
0.0784019977, 0.0002488320, 31.3924635134, 1112.1354451994, 0.0000012159
0.1041570008, 0.0002506880, 31.4574358421, 991.2511576777, inf
0.0749960020, 0.0002488320, 31.6100889103, 1112.1354451994, 0.0000012666
0.0770319998, 0.0002514560, 31.3277590197, 278.0338612998, 0.0000010133
0.0721959993, 0.0002498560, 31.4791530916, 1112.1354451994, inf
0.0833560005, 0.0002610560, 31.5009003476, 1085.6560298375, 0.0000012666
0.0822919980, 0.0002447360, 31.5881906846, 1112.1354451994, 0.0000015199
0.0705749989, 0.0002485760, 25.2198856489, 1024.6641180489, inf
0.0717860013, 0.0002495360, 31.4140911148, 1085.6560298375, 0.0000010133
0.0740490034, 0.0002486400, 31.5991360036, 1085.6560298375, 0.0000013217
0.0784220025, 0.0002465280, 31.5335776301, 1112.1354451994, inf
0.0721969977, 0.0002496000, 31.2633207084, 1036.3080284812, 0.0000017881
0.0699369982, 0.0002488320, 26.6886469144, 1098.7362229680, inf
0.0725990012, 0.0002457280, 31.5226776724, 1085.6560298375, inf
0.0715269968, 0.0002478080, 31.3924635134, 1085.6560298375, inf
0.0720970035, 0.0002457600, 31.5226776724, 1098.7362229680, 0.0000011259
0.0706309974, 0.0002519040, 31.5554001752, 1072.8836059570, inf
0.0728269964, 0.0002496640, 31.5663227782, 1112.1354451994, 0.0000009806
0.0705609992, 0.0002508800, 30.9240781642, 1112.1354451994, inf
0.0784979984, 0.0002525440, 31.3924635134, 1098.7362229680, 0.0000015199
0.0819099993, 0.0002488320, 30.9555690789, 1060.4082151901, 0.0000010857
0.0698390007, 0.0002515200, 31.6649675369, 1060.4082151901, 0.0000011259
0.0717070028, 0.0002496640, 31.5772529454, 1098.7362229680, 0.0000009806
0.0796990022, 0.0002498560, 31.5335776301, 1098.7362229680, 0.0000011692
0.0764480010, 0.0002477760, 31.5009003476, 1098.7362229680, inf
0.0740370005, 0.0002454080, 31.5335776301, 1112.1354451994, 0.0000015999
0.0740149990, 0.0002527680, 31.4032735903, 1112.1354451994, inf
0.0804010034, 0.0002498560, 31.5117852475, 1112.1354451994, inf
0.0743959993, 0.0002488320, 31.1352360896, 1085.6560298375, inf
0.0760309994, 0.0002467840, 31.5881906846, 1098.7362229680, 0.0000014475
0.0698010027, 0.0002463360, 31.1352360896, 1060.4082151901, inf
0.0734999999, 0.0002463040, 31.3062500880, 1098.7362229680, inf
0.0750589967, 0.0002416640, 31.6320175187, 1098.7362229680, inf
0.0756990016, 0.0002508800, 31.6539765728, 1024.6641180488, inf
0.0748099983, 0.0002508800, 31.3062500880, 980.5925430790, inf
0.0765009969, 0.0002495680, 31.4140911148, 1112.1354451994, 0.0000015199
0.0725039989, 0.0002467840, 31.5226776724, 1125.8655124240, inf
0.0804380029, 0.0002498560, 31.6210494127, 1098.7362229680, inf
0.0858940035, 0.0002590720, 31.4140911148, 1085.6560298375, 0.0000010857
0.0754659995, 0.0002494400, 31.5226776724, 1085.6560298375, inf
0.0821259990, 0.0002498560, 31.5772529454, 1098.7362229680, inf
0.0782449991, 0.0002488320, 31.5009003476, 1098.7362229680, 0.0000009499
0.0745240003, 0.0002505600, 31.4682907199, 1112.1354451994, 0.0000012159
0.0723010004, 0.0002496000, 31.4791530916, 1048.2196150155, inf
0.0701989979, 0.0002416640, 21.0953288240, 1112.1354451994, inf
0.0748369992, 0.0002488320, 31.6539765728, 1085.6560298375, inf
0.0753709972, 0.0002457280, 31.5881906846, 1112.1354451994, inf
0.0746330023, 0.0002519040, 31.3708656713, 1112.1354451994, 0.0000303984
0.0710629970, 0.0002519040, 27.3039241037, 1098.7362229680, inf
0.0716539994, 0.0002504960, 31.7200370457, 1112.1354451994, inf
0.0729210004, 0.0002504960, 31.6320175187, 1098.7362229680, inf
0.0792739987, 0.0002416640, 31.1671587513, 1125.8655124240, inf
0.0729330033, 0.0002457600, 31.4465884505, 1112.1354451994, inf
0.0728629977, 0.0002508800, 31.5226776724, 1112.1354451994, inf
0.0820040032, 0.0002426880, 31.5772529454, 1098.7362229680, 0.0000011692
0.0803439990, 0.0002426880, 31.5772529454, 1060.4082151901, inf
0.0709260032, 0.0002444160, 31.3385245726, 1098.7362229680, inf
0.0737090036, 0.0002447360, 30.9976568682, 1098.7362229680, inf
0.0761239976, 0.0002529280, 28.6867274320, 1125.8655124240, inf
0.0694620013, 0.0002475200, 31.5117852475, 1072.8836059570, 0.0000011259
0.0796440020, 0.0002588480, 31.6210494127, 1085.6560298375, 0.0000012666
0.0763840005, 0.0002508800, 31.5881906846, 1098.7362229680, inf
0.0684380010, 0.0002497600, 31.6210494127, 1098.7362229680, inf
0.0753929988, 0.0002478080, 31.4900229649, 1125.8655124240, inf
0.1028779969, 0.0002485760, 31.5772529454, 1048.2196150155, 0.0000009212
0.0745960027, 0.0002508800, 31.4574358421, 1098.7362229680, inf
0.0868040025, 0.0002611200, 31.5335776301, 1072.8836059570, inf
0.0792279989, 0.0002447360, 31.6210494127, 1112.1354451994, 0.0000009806
0.0751359984, 0.0002486720, 31.4791530916, 991.2511576777, inf
0.0821359977, 0.0002580480, 31.5554001752, 868.5248238700, 0.0000012159
0.0714669973, 0.0002508800, 31.4574358421, 1098.7362229680, 0.0000010482
0.0798060000, 0.0002517120, 31.6100889103, 1112.1354451994, 0.0000011692
0.0832030028, 0.0002505600, 31.5663227782, 1098.7362229680, 0.0000009499
0.0796929970, 0.0002508800, 31.6210494127, 1085.6560298375, 0.0000013817
0.1085529998, 0.0002435520, 31.5991360036, 1098.7362229680, inf
0.0743340030, 0.0002488320, 28.5967721876, 1098.7362229680, 0.0000018999
0.0722979978, 0.0002506240, 30.9450649835, 1098.7362229680, inf
0.0882499963, 0.0002426880, 31.4249160945, 1098.7362229680, 0.0000015999
0.0824069977, 0.0002488320, 31.5772529454, 1098.7362229680, 0.0000016888
0.0841849968, 0.0002467840, 31.5772529454, 1098.7362229680, 0.0000010482
0.0840549991, 0.0002504640, 31.4900229649, 1085.6560298375, 0.0000009806
0.0803060010, 0.0002488320, 31.4682907199, 1085.6560298375, inf
0.0760459974, 0.0002493760, 31.4682907199, 1072.8836059570, 0.0000010133
0.0780619979, 0.0002498560, 31.4249160945, 1098.7362229680, 0.0000017881
0.0855259970, 0.0002416640, 31.6539765728, 1098.7362229680, inf
0.0689330027, 0.0002570240, 31.1991469402, 1125.8655124240, inf
0.0776679963, 0.0002498560, 31.2526067534, 1098.7362229680, inf
0.0785750002, 0.0002498560, 31.7090078256, 1112.1354451994, inf
0.0712149963, 0.0002488320, 25.1018735223, 1060.4082151901, inf
0.0754930004, 0.0002498560, 31.6320175187, 1098.7362229680, 0.0000011692
0.0732169971, 0.0002496960, 27.5098360502, 1085.6560298375, inf
0.0724890009, 0.0002496640, 31.5772529454, 1112.1354451994, 0.0000011259
0.0760309994, 0.0002498560, 31.4574358421, 1098.7362229680, inf
0.0984319970, 0.0002488320, 31.4357485372, 1098.7362229680, 0.0000012666
0.0740209967, 0.0002463040, 26.6340848441, 1085.6560298375, 0.0000015999
0.0729350001, 0.0002496320, 31.5772529454, 1098.7362229680, inf
0.0768430009, 0.0002519040, 27.0528349173, 1098.7362229680, inf
0.0701609999, 0.0002495680, 31.5009003476, 1112.1354451994, 0.0000013217
0.0691159964, 0.0002498560, 31.5881906846, 1098.7362229680, inf
0.0730089992, 0.0002498560, 31.6649675369, 1098.7362229680, inf
0.0720010027, 0.0002485120, 31.4682907199, 1112.1354451994, inf
0.0784910023, 0.0002498560, 31.4900229649, 1098.7362229680, 0.0000009806
0.0687389970, 0.0002508800, 31.5991360036, 1098.7362229680, inf
0.0712020025, 0.0002508800, 31.5881906846, 1013.2789611816, inf
0.0751750022, 0.0002498560, 31.3924635134, 1036.3080284812, inf
0.0688299984, 0.0002485440, 31.5881906846, 1098.7362229680, 0.0000014475
0.0713350028, 0.0002488320, 31.4140911148, 1085.6560298375, inf
0.0807190016, 0.0002497280, 31.5009003476, 1060.4082151901, 0.0000013817
0.0718320012, 0.0002498560, 31.6210494127, 1098.7362229680, inf
0.0786269978, 0.0002506880, 31.5663227782, 980.5925430790, inf
0.0751700029, 0.0002485440, 31.6210494127, 1098.7362229680, 0.0000011692
0.0754209980, 0.0002478080, 31.5444851284, 1060.4082151901, inf
0.0821259990, 0.0002509120, 21.1736954972, 1112.1354451994, 0.0000012159
0.0705280006, 0.0002488320, 31.4900229649, 1098.7362229680, 0.0000015999
0.0764359981, 0.0002475840, 31.6539765728, 1085.6560298375, inf
0.0714280009, 0.0002455040, 31.5009003476, 1098.7362229680, inf
0.0704850033, 0.0002474560, 31.3062500880, 1098.7362229680, 0.0000009499
0.0720499977, 0.0002508800, 31.5881906846, 1085.6560298375, inf
0.0753649995, 0.0002455360, 31.4791530916, 1036.3080284812, inf
0.0800900012, 0.0002498560, 31.6759661363, 1048.2196150155, inf
0.0709080026, 0.0002498560, 25.2059443080, 1112.1354451994, inf
0.0724549964, 0.0002447360, 31.3170008607, 1098.7362229680, inf
0.0719339997, 0.0002498560, 31.6539765728, 1112.1354451994, inf
0.0682089999, 0.0002507520, 27.3776963393, 1112.1354451994, 0.0000012666
0.0742710009, 0.0002506240, 31.5881906846, 1098.7362229680, inf
0.0780080035, 0.0002495680, 28.3566873465, 1098.7362229680, 0.0000011259
0.0748049989, 0.0002498560, 28.8500811472, 1024.6641180489, inf
0.0752910003, 0.0002547200, 31.5226776724, 1098.7362229680, 0.0000011259
0.0751390010, 0.0002504320, 31.4791530916, 1048.2196150155, inf
0.0732970014, 0.0002488320, 31.5991360036, 1085.6560298375, inf
0.0743110031, 0.0002547520, 31.2847706711, 1098.7362229680, 0.0000010133
0.0729919970, 0.0002518080, 31.5444851284, 1002.1440275423, 0.0000013817
0.0959959999, 0.0002447360, 31.5663227782, 1002.1440275423, 0.0000012159
0.0760940015, 0.0002508800, 31.3492975271, 1098.7362229680, 0.0000010482
0.0771009997, 0.0002507840, 31.5444851284, 1112.1354451994, 0.0000013817
0.0732479990, 0.0002498560, 31.5772529454, 1085.6560298375, 0.0000012666
0.0748319998, 0.0002498560, 31.6649675369, 1112.1354451994, 0.0000014475
0.0752829984, 0.0002444800, 31.4249160945, 1085.6560298375, 0.0000015199
0.0717020035, 0.0002457600, 28.7228681910, 1098.7362229680, inf
0.0758970007, 0.0002497600, 31.5772529454, 1112.1354451994, 0.0000012666
0.0797730014, 0.0002508800, 31.5772529454, 1112.1354451994, 0.0000009806
0.0687120035, 0.0002447360, 31.4465884505, 1112.1354451994, inf
0.0836059973, 0.0002485120, 31.1352360896, 1112.1354451994, inf
0.0778089985, 0.0002456640, 31.4357485372, 1085.6560298375, 0.0000011259
0.0869100019, 0.0002519040, 31.2740420118, 1098.7362229680, inf
0.0855830014, 0.0002437120, 30.8926512555, 1098.7362229680, 0.0000017881
0.0913800001, 0.0002456640, 31.1565105932, 991.2511576777, 0.0000013817
0.0825579986, 0.0002426880, 31.2740420118, 1112.1354451994, 0.0000015199
0.0795869976, 0.0002498240, 31.4140911148, 1098.7362229680, 0.0000014475
0.0780190006, 0.0002464640, 31.4357485372, 1024.6641180488, inf
0.0783030018, 0.0002437120, 31.4140911148, 1098.7362229680, inf
0.0773729980, 0.0002519040, 31.4032735903, 1112.1354451994, 0.0000013817
0.0749730021, 0.0002508800, 31.3708656713, 1085.6560298375, 0.0000011692
0.0837579966, 0.0002416640, 31.2955066940, 1112.1354451994, 0.0000303984
0.0809039995, 0.0002488320, 31.5663227782, 980.5925430790, inf
0.0806490034, 0.0002494080, 31.3277590197, 1098.7362229680, 0.0000015199
0.0731329992, 0.0002437120, 31.3170008607, 1085.6560298375, 0.0000017881
0.0800139979, 0.0002518720, 31.2526067534, 1098.7362229680, inf
0.0804189965, 0.0002506240, 31.4791530916, 1112.1354451994, 0.0000010482
0.0820410028, 0.0002487680, 28.1466378106, 1024.6641180488, inf
0.0943159983, 0.0002600960, 31.5881906846, 1060.4082151901, inf
0.0783500001, 0.0002504960, 31.5226776724, 1072.8836059570, 0.0000013217
0.0739319995, 0.0002498560, 31.4140911148, 1112.1354451994, inf
0.0705059990, 0.0002498560, 31.4682907199, 1125.8655124240, 0.0000010857
0.0762400031, 0.0002465920, 31.3492975271, 1112.1354451994, 0.0000015999
0.0723379999, 0.0002467840, 30.6126574375, 959.9484895405, 0.0000002375
0.0698150024, 0.0002478080, 31.6539765728, 1060.4082151901, inf
0.0849549994, 0.0002426880, 31.0715865439, 980.5925430790, inf
0.0790029988, 0.0002426880, 24.9781173668, 1098.7362229680, inf
0.0820629969, 0.0002493440, 31.5772529454, 949.9490261078, 0.0000011692
0.1024369970, 0.0002426880, 31.3062500880, 1098.7362229680, 0.0000010482
0.0848570019, 0.0002669760, 31.1778141902, 1098.7362229680, inf
0.0834949985, 0.0002437120, 31.6869723789, 1098.7362229680, 0.0000015999
0.0789659992, 0.0002437120, 31.4574358421, 940.1557371788, inf
0.0820640028, 0.0002498560, 31.5881906846, 1112.1354451994, inf
0.0742859989, 0.0002467840, 31.3600778908, 1098.7362229680, 0.0000009806
0.0817279965, 0.0002437120, 31.6320175187, 1085.6560298375, 0.0000303984
0.0778929964, 0.0002508800, 31.2633207084, 1112.1354451994, inf
0.0826350003, 0.0002506560, 31.6429932361, 980.5925430790, 0.0000017881
0.0714970008, 0.0002498560, 31.4032735903, 1098.7362229680, 0.0000013217
0.0738390014, 0.0002504960, 31.1671587513, 1098.7362229680, 0.0000013817
0.0733510032, 0.0002508800, 31.4465884505, 1098.7362229680, inf
0.0774149969, 0.0002445440, 31.4682907199, 1112.1354451994, inf
0.0722590014, 0.0002498560, 31.2740420118, 1112.1354451994, 0.0000009806
0.0757939965, 0.0002519040, 31.3924635134, 1098.7362229680, 0.0000009499
0.0724999979, 0.0002498560, 31.4791530916, 1112.1354451994, 0.0000010482
0.0757159963, 0.0002426880, 31.0821767234, 1072.8836059570, 0.0000016888
0.0748180002, 0.0002498560, 31.5772529454, 1098.7362229680, 0.0000009806
0.0778250024, 0.0002483520, 31.5554001752, 1048.2196150155, inf
0.0733039975, 0.0002416640, 28.3478727095, 1112.1354451994, inf
0.0724489987, 0.0002662400, 31.4465884505, 1072.8836059570, inf
0.0727329999, 0.0002507200, 31.0610035785, 1112.1354451994, 0.0000011259
0.0783440024, 0.0002497280, 31.3492975271, 1098.7362229680, 0.0000015999
0.0816890001, 0.0002454720, 31.2955066940, 1085.6560298375, 0.0000009499
0.0836749971, 0.0002508800, 31.1671587513, 1098.7362229680, 0.0000017881
0.0745939985, 0.0002508800, 31.6979862726, 1098.7362229680, 0.0000013217
0.0852829963, 0.0002455360, 22.6122257640, 1072.8836059570, inf
0.0830420032, 0.0002488320, 31.5663227782, 1048.2196150155, inf
0.0780190006, 0.0002519040, 31.5226776724, 1098.7362229680, 0.0000011259
0.0855500028, 0.0002406400, 31.3492975271, 1060.4082151901, inf
0.1048810035, 0.0002505600, 22.5954178658, 1112.1354451994, 0.0000009806
0.0750200003, 0.0002504960, 31.5226776724, 1125.8655124240, inf
0.0862170011, 0.0002478080, 30.2371042793, 1098.7362229680, 0.0000015999
0.0961999968, 0.0002516800, 25.3038586311, 1098.7362229680, 0.0000009806
0.0830489993, 0.0002426880, 26.4103986407, 1112.1354451994, inf
0.0976419970, 0.0002426880, 27.8203497579, 1098.7362229680, 0.0000303984
0.0881159976, 0.0002650560, 27.2468199899, 1098.7362229680, 0.0000009806
0.0790069997, 0.0002549760, 31.0610035785, 1002.1440275423, 0.0000009212
0.0826229975, 0.0002518400, 31.2847706711, 1098.7362229680, inf
0.0836379975, 0.0002426560, 27.9825426531, 1098.7362229680, 0.0000009499
0.0926759988, 0.0002524160, 31.1671587513, 1098.7362229680, 0.0000017881
0.0846579969, 0.0002515520, 22.9363949966, 1085.6560298375, inf
0.0850659981, 0.0002444480, 31.6100889103, 1112.1354451994, 0.0000015999
0.0789140016, 0.0002507840, 29.1265111806, 1112.1354451994, inf
0.0882140025, 0.0002426880, 30.6332235493, 1085.6560298375, 0.0000010482
0.0840540007, 0.0002508800, 27.2305483745, 1098.7362229680, inf
0.0884580016, 0.0002416640, 31.5335776301, 1112.1354451994, inf
0.0917610005, 0.0002406400, 31.5991360036, 1098.7362229680, 0.0000013217
0.0766059980, 0.0002508160, 26.6263084690, 1112.1354451994, inf
0.0751489997, 0.0002546880, 31.5117852475, 1098.7362229680, 0.0000014475
0.0785119981, 0.0002498560, 31.5335776301, 1098.7362229680, 0.0000016888
0.0700299963, 0.0002497280, 31.1884769174, 1112.1354451994, 0.0000012666
0.0783009976, 0.0002437120, 31.2419001392, 1098.7362229680, inf
0.0696609989, 0.0002496640, 31.5554001752, 1098.7362229680, inf
0.0832960010, 0.0002406400, 31.5663227782, 1098.7362229680, 0.0000009499
0.0862279981, 0.0002496000, 31.5226776724, 1098.7362229680, 0.0000013217
0.0891150013, 0.0002514240, 31.4682907199, 1098.7362229680, 0.0000303984
0.0947870016, 0.0002600960, 31.3277590197, 1060.4082151901, 0.0000009499
0.0830160007, 0.0002426880, 31.2740420118, 1098.7362229680, 0.0000013817
0.0995929986, 0.0002426880, 25.9445537714, 1085.6560298375, 0.0000011692
0.0794769973, 0.0002488320, 31.4791530916, 1112.1354451994, 0.0000009806
0.0850090012, 0.0002508800, 26.0780973710, 1112.1354451994, 0.0000012666
0.0853229985, 0.0002426880, 31.4465884505, 1112.1354451994, 0.0000017881
0.0891349986, 0.0002437120, 31.3600778908, 1112.1354451994, inf
0.0778440014, 0.0002426880, 31.1671587513, 1048.2196150155, 0.0000009499
0.0759439990, 0.0002495360, 31.0504278197, 1112.1354451994, 0.0000009806
0.0815690011, 0.0002488320, 31.6429932361, 1098.7362229680, 0.0000015999
0.0774689987, 0.0002671360, 30.9450649835, 1125.8655124240, inf
0.0789979994, 0.0002507200, 31.4900229649, 1085.6560298375, inf
0.0822250023, 0.0002426880, 31.3600778908, 1072.8836059570, 0.0000016888
0.0765890032, 0.0002498560, 31.5335776301, 1098.7362229680, 0.0000015199
0.0846640021, 0.0002437120, 24.4556466898, 1085.6560298375, 0.0000010133
0.0872600004, 0.0002437120, 31.5335776301, 1098.7362229680, inf
0.0913790017, 0.0002416640, 31.4791530916, 1060.4082151901, inf
0.0797870010, 0.0002504000, 31.6869723789, 1112.1354451994, inf
0.0846140012, 0.0002478080, 31.6210494127, 1072.8836059570, 0.0000011259
0.0745360032, 0.0002525120, 31.3062500880, 1072.8836059570, inf
0.0859220028, 0.0002426880, 31.6429932361, 1098.7362229680, 0.0000013217
0.0738340020, 0.0002488320, 31.5335776301, 1112.1354451994, 0.0000010857
0.0759150013, 0.0002505600, 31.4032735903, 1085.6560298375, inf
0.0805810019, 0.0002504000, 31.5335776301, 1125.8655124240, inf
0.0715480000, 0.0002447360, 27.3039241037, 1098.7362229680, 0.0000012159
0.0753019974, 0.0002426880, 31.6869723789, 1112.1354451994, inf
0.0788339972, 0.0002485120, 27.2142961821, 1112.1354451994, 0.0000015199
0.0721879974, 0.0002508800, 28.1379532571, 1060.4082151901, 0.0000012159
0.0797130018, 0.0002488320, 31.4682907199, 1098.7362229680, inf
0.0749489963, 0.0002488320, 31.2526067534, 1112.1354451994, inf
0.0732190013, 0.0002487680, 31.1033787539, 1112.1354451994, 0.0000009806
0.0795039982, 0.0002406400, 30.8612881578, 1098.7362229680, inf
0.0741230026, 0.0002498560, 31.3062500880, 1098.7362229680, 0.0000012159
0.0754690021, 0.0002426880, 31.5117852475, 1112.1354451994, inf
0.0723659992, 0.0002497600, 31.6429932361, 1098.7362229680, inf
0.0764570013, 0.0002570240, 27.4601344494, 1098.7362229680, 0.0000009806
0.0746930018, 0.0002478080, 31.5663227782, 1098.7362229680, 0.0000012666
0.0803550035, 0.0002488320, 31.6759661363, 1048.2196150155, inf
0.0719040036, 0.0002485440, 31.4140911148, 1085.6560298375, inf
0.0730720013, 0.0002514880, 31.2312008583, 1072.8836059570, 0.0000303984
0.0841289982, 0.0002485120, 31.4791530916, 970.1607075143, inf
0.0747380033, 0.0002505280, 31.2419001392, 1098.7362229680, inf
0.0838380009, 0.0002505280, 31.5663227782, 1112.1354451994, inf
0.0713080019, 0.0002508800, 31.1352360896, 1112.1354451994, inf
0.0775329992, 0.0002478080, 31.4682907199, 1098.7362229680, inf
0.0779519975, 0.0002437120, 31.5117852475, 1098.7362229680, inf
0.0724000037, 0.0002497920, 31.5009003476, 1098.7362229680, 0.0000009499
0.0739990026, 0.0002703360, 31.3062500880, 1098.7362229680, 0.0000010857
0.0769020021, 0.0002484160, 31.4791530916, 1024.6641180488, 0.0000015199
0.0719600022, 0.0002498560, 31.4249160945, 1112.1354451994, 0.0000009499
0.0733439997, 0.0002507520, 31.3385245726, 1098.7362229680, 0.0000012666
0.0769999996, 0.0002495360, 30.9976568682, 1098.7362229680, inf
0.0700739995, 0.0002447360, 31.5117852475, 1098.7362229680, inf
0.0776349977, 0.0002509120, 31.5554001752, 1085.6560298375, 0.0000011259
0.0705489963, 0.0002497280, 31.6539765728, 1098.7362229680, inf
0.0764430016, 0.0002508800, 31.4465884505, 1098.7362229680, inf
0.0744479969, 0.0002559040, 31.4249160945, 1112.1354451994, inf
0.0849310011, 0.0002617920, 31.5444851284, 1072.8836059570, inf
0.0736749992, 0.0002497600, 27.1899542356, 1112.1354451994, 0.0000013217
0.0733800009, 0.0002426880, 31.4140911148, 1112.1354451994, inf
0.0692989975, 0.0002486080, 31.5117852475, 1098.7362229680, 0.0000015999
0.0746069998, 0.0002406400, 31.4249160945, 1085.6560298375, 0.0000009806
0.0754290000, 0.0002457600, 31.4791530916, 1085.6560298375, inf
0.0842010006, 0.0002416640, 26.6418657629, 1060.4082151901, inf
0.0727860034, 0.0002488320, 31.2955066940, 1112.1354451994, 0.0000012159
0.0741090029, 0.0002488320, 31.2526067534, 1112.1354451994, 0.0000011692
0.0740220025, 0.0002498560, 31.4682907199, 1098.7362229680, 0.0000011692
0.0745299980, 0.0002488320, 31.6429932361, 1098.7362229680, 0.0000010133
0.0731439963, 0.0002504640, 31.4249160945, 1002.1440275423, inf
0.0765639991, 0.0002478080, 31.5009003476, 1112.1354451994, 0.0000017881
0.0746200010, 0.0002477760, 31.6429932361, 1112.1354451994, 0.0000015199
0.0757950023, 0.0002498240, 31.2419001392, 1036.3080284812, 0.0000011692
0.0726369992, 0.0002488320, 21.2229710278, 1013.2789611816, inf
0.0907920003, 0.0002508800, 28.9784259632, 1112.1354451994, inf
0.0751620010, 0.0002496000, 31.2098242664, 1125.8655124240, inf
0.0859000012, 0.0002507840, 31.4574358421, 1098.7362229680, inf
0.0715060011, 0.0002507520, 31.0292978926, 1098.7362229680, inf
0.0736870021, 0.0002498240, 31.7200370457, 1098.7362229680, 0.0000010857
0.0904740021, 0.0002590720, 31.5881906846, 1085.6560298375, inf
0.0740439966, 0.0002416640, 31.6100889103, 1072.8836059570, 0.0000009499
0.0747179985, 0.0002519040, 31.2633207084, 1112.1354451994, inf
0.0841720030, 0.0002493760, 31.5991360036, 1098.7362229680, 0.0000011259
0.0786589980, 0.0002416640, 31.6320175187, 1098.7362229680, 0.0000010857
0.0727119967, 0.0002478080, 30.9765986774, 1125.8655124240, inf
0.0741949975, 0.0002416640, 31.2633207084, 1112.1354451994, 0.0000012159
0.0769279972, 0.0002426880, 31.3170008607, 1098.7362229680, 0.0000013817
0.0707969964, 0.0002497600, 31.5444851284, 1098.7362229680, 0.0000011692
0.0768579990, 0.0002467840, 31.3600778908, 1072.8836059570, 0.0000303984
0.0731400028, 0.0002406400, 31.1671587513, 1085.6560298375, inf
0.0688510016, 0.0002549760, 26.8299813199, 1085.6560298375, inf
0.0768510029, 0.0002488640, 27.4601344494, 1036.3080284812, inf
0.0682960004, 0.0002478080, 22.9248633752, 980.5925430790, 0.0000016888
0.0703630000, 0.0002488320, 21.7909454018, 1098.7362229680, 0.0000012159
0.0782319978, 0.0002437120, 31.4465884505, 1112.1354451994, inf
0.0710550025, 0.0002496000, 31.4249160945, 1112.1354451994, 0.0000012666
0.0775230005, 0.0002478080, 31.5226776724, 1098.7362229680, 0.0000009806
0.0723640025, 0.0002488320, 31.3170008607, 1098.7362229680, 0.0000015199
0.0744690001, 0.0002485760, 31.4032735903, 1112.1354451994, 0.0000011259
0.0879940018, 0.0002504320, 31.5117852475, 1112.1354451994, inf
0.0768089965, 0.0002507840, 31.5444851284, 1098.7362229680, 0.0000012666
0.0778390020, 0.0002508800, 31.6320175187, 1072.8836059570, 0.0000013817
0.0824180022, 0.0002498560, 31.4900229649, 1112.1354451994, inf
0.0750859976, 0.0002488320, 31.5991360036, 1112.1354451994, 0.0000010133
0.0779049993, 0.0002529280, 31.6320175187, 1098.7362229680, 0.0000009499
0.0752950013, 0.0002488320, 31.6869723789, 1098.7362229680, inf
0.0776780024, 0.0002549760, 28.7954235890, 1085.6560298375, 0.0000303984
0.0792699978, 0.0002457600, 31.6759661363, 980.5925430790, inf
0.0740140006, 0.0002498560, 31.5991360036, 1098.7362229680, 0.0000012159
0.0707369968, 0.0002447360, 31.0821767234, 1112.1354451994, 0.0000011259
0.0755020007, 0.0002488320, 31.7200370457, 174.7032691692, inf
0.0742999986, 0.0002454400, 31.3062500880, 1085.6560298375, 0.0000010857
0.0861079991, 0.0002488320, 31.6539765728, 1112.1354451994, 0.0000303984
0.0734860003, 0.0002487040, 23.2285039497, 1098.7362229680, 0.0000009806
0.0723790005, 0.0002488320, 23.8293980942, 1072.8836059570, 0.0000017881
0.0788019970, 0.0002478080, 31.5554001752, 1060.4082151901, 0.0000009806
0.0726860017, 0.0002488320, 31.4357485372, 1112.1354451994, 0.0000016888
0.0757739991, 0.0002488320, 27.1091279745, 1125.8655124240, inf
0.0809049979, 0.0002488320, 31.3277590197, 1098.7362229680, 0.0000010857
0.0702679977, 0.0002457600, 30.6744387845, 980.5925430790, 0.0000016888
0.0811849982, 0.0002498880, 31.5444851284, 1112.1354451994, inf
0.0712819993, 0.0002457600, 31.4791530916, 1024.6641180489, 0.0000010482
0.0691070035, 0.0002506560, 31.4682907199, 1112.1354451994, inf
0.0792160034, 0.0002416640, 31.5554001752, 1085.6560298375, 0.0000010482
0.0723119974, 0.0002498240, 31.4682907199, 1112.1354451994, inf
0.0734689981, 0.0002505280, 31.6539765728, 1036.3080284812, 0.0000011692
0.0715240017, 0.0002437440, 25.5663320735, 1085.6560298375, inf
0.0706290007, 0.0002486400, 31.3385245726, 1085.6560298375, inf
0.1119920015, 0.0002488320, 31.7090078256, 1002.1440275423, 0.0000009806
0.0796770006, 0.0002487680, 25.0673739710, 1112.1354451994, inf
0.0785870031, 0.0002465280, 31.4465884505, 1085.6560298375, 0.0000012666
0.0831959993, 0.0002406400, 31.5335776301, 1098.7362229680, 0.0000017881
0.0715980008, 0.0002506560, 31.8085477874, 1098.7362229680, 0.0000016888
0.0720869973, 0.0002478080, 31.6429932361, 1125.8655124240, inf
0.0809710026, 0.0002426880, 31.3708656713, 1112.1354451994, inf
0.0721229985, 0.0002508800, 31.4574358421, 1112.1354451994, inf
0.0797709972, 0.0002426880, 25.4450631993, 1112.1354451994, inf
0.0698840022, 0.0002507520, 31.4574358421, 1112.1354451994, inf
0.0721480027, 0.0002488320, 28.4451361529, 1060.4082151901, 0.0000010857
0.0711520016, 0.0002498560, 31.7421185194, 980.5925430790, 0.0000009499
0.0724140033, 0.0002485440, 31.4791530916, 1098.7362229680, inf
0.0742169991, 0.0002484160, 31.4032735903, 1085.6560298375, inf
0.0698079988, 0.0002488320, 31.4574358421, 1098.7362229680, 0.0000015199
0.0797180012, 0.0002478080, 31.6649675369, 1098.7362229680, inf
0.0725329965, 0.0002495680, 31.3385245726, 1112.1354451994, 0.0000015199
0.0708749965, 0.0002488320, 31.2419001392, 940.1557371788, inf
0.0837989971, 0.0002498560, 31.6429932361, 1036.3080284812, 0.0000010482
0.0688500032, 0.0002446400, 31.5444851284, 940.1557371788, inf
0.0823910013, 0.0002515200, 31.4249160945, 1013.2789611816, inf
0.0796430036, 0.0002506880, 31.6429932361, 1098.7362229680, 0.0000011259
0.0798399970, 0.0002508800, 31.4465884505, 1072.8836059570, 0.0000012666
0.0792630017, 0.0002426880, 31.3062500880, 1098.7362229680, inf
0.0853390023, 0.0002526080, 31.3492975271, 1098.7362229680, 0.0000016888
0.0785799995, 0.0002416640, 30.3983688354, 1098.7362229680, 0.0000009806
0.0889910012, 0.0002507200, 31.2740420118, 1098.7362229680, 0.0000011259
0.0744410008, 0.0002498880, 24.8352686564, 1112.1354451994, 0.0000015999
0.0713780001, 0.0002498880, 25.0260994803, 1013.2789611816, 0.0000018999
0.0724869967, 0.0002497600, 23.2166768092, 1098.7362229680, 0.0000016888
0.0746380016, 0.0002478080, 31.3924635134, 1048.2196150155, 0.0000009806
0.0762540027, 0.0002496640, 31.5554001752, 1048.2196150155, inf
0.0878309980, 0.0002505600, 31.6320175187, 1098.7362229680, 0.0000017881
0.0832490027, 0.0002416640, 28.7954235890, 1098.7362229680, 0.0000015999
0.0809649974, 0.0002498560, 31.5009003476, 1098.7362229680, 0.0000009499
0.0712810010, 0.0002483520, 31.4791530916, 1112.1354451994, inf
0.0773859993, 0.0002477440, 31.6100889103, 1098.7362229680, inf
0.0703589991, 0.0002508800, 31.3062500880, 1085.6560298375, 0.0000012666
0.0716999993, 0.0002556160, 31.6100889103, 1112.1354451994, 0.0000016888
0.0741870031, 0.0002457600, 31.5554001752, 1098.7362229680, inf
0.0687529966, 0.0002478080, 31.5009003476, 1112.1354451994, 0.0000017881
0.0807589963, 0.0002488320, 31.4791530916, 1002.1440275423, 0.0000015199
0.0926809981, 0.0002416640, 30.9976568682, 1098.7362229680, 0.0000012159
0.0721509978, 0.0002468160, 31.2098242664, 1112.1354451994, 0.0000010133
0.0777719989, 0.0002497280, 31.4140911148, 1048.2196150155, 0.0000011692
0.0713749975, 0.0002453120, 31.6100889103, 1098.7362229680, inf
0.0842150003, 0.0002504640, 31.6869723789, 1098.7362229680, 0.0000015199
0.0748229995, 0.0002463040, 31.4791530916, 1098.7362229680, 0.0000009806
0.0747689977, 0.0002497280, 31.5554001752, 1060.4082151901, 0.0000012666
0.0798100010, 0.0002508800, 31.6979862726, 1072.8836059570, 0.0000009806
0.0734030008, 0.0002437120, 31.5117852475, 1098.7362229680, inf
0.0814889967, 0.0002580480, 31.3924635134, 1098.7362229680, inf
0.0776040033, 0.0002504320, 31.4682907199, 1098.7362229680, inf
0.0712449998, 0.0002493760, 31.5881906846, 1085.6560298375, 0.0000011259
0.0750550032, 0.0002452800, 31.5881906846, 991.2511576777, 0.0000011259
0.0727149993, 0.0002454720, 31.4249160945, 1098.7362229680, 0.0000015999
0.0750619993, 0.0002498560, 31.5335776301, 1098.7362229680, 0.0000009806
0.0736590028, 0.0002437120, 31.5991360036, 1112.1354451994, 0.0000016888
0.0767000020, 0.0002478080, 31.6869723789, 1048.2196150155, 0.0000009806
0.0771929994, 0.0002495680, 31.4900229649, 1098.7362229680, 0.0000013817
0.0699540004, 0.0002488320, 23.6747420837, 1112.1354451994, inf
0.0717329979, 0.0002485120, 31.2955066940, 170.7773530081, inf
0.0740439966, 0.0002495360, 31.5335776301, 1112.1354451994, inf
0.0805689991, 0.0002467840, 31.7090078256, 1098.7362229680, inf
0.0774570033, 0.0002508800, 31.3816608762, 1098.7362229680, inf
0.0695409998, 0.0002508800, 25.2548065650, 1036.3080284812, 0.0000012666
0.0724299997, 0.0002508800, 31.4465884505, 1098.7362229680, 0.0000013217
0.0744180009, 0.0002504000, 31.5444851284, 1098.7362229680, 0.0000010133
0.0707750022, 0.0002498560, 31.6320175187, 1013.2789611816, 0.0000011692
0.0715430006, 0.0002473600, 31.4249160945, 1098.7362229680, 0.0000014475
0.0803340003, 0.0002495360, 26.8063217244, 1098.7362229680, inf
0.0712110028, 0.0002539520, 31.4900229649, 1098.7362229680, inf
0.0791010037, 0.0002508800, 31.1991469402, 1098.7362229680, inf
0.0719500035, 0.0002498560, 31.2633207084, 1098.7362229680, 0.0000010482
0.0747400001, 0.0002488320, 31.2633207084, 1112.1354451994, 0.0000014475
0.0724269971, 0.0002483520, 31.5772529454, 1125.8655124240, 0.0000012666
0.0749759972, 0.0002476480, 31.4032735903, 1072.8836059570, 0.0000012159
0.0715899989, 0.0002488320, 31.4140911148, 1098.7362229680, 0.0000013817
0.0708419979, 0.0002488320, 31.5881906846, 1112.1354451994, 0.0000009499
0.0734819993, 0.0002495360, 31.4357485372, 1098.7362229680, inf
0.0778290033, 0.0002508800, 31.4791530916, 1098.7362229680, inf
0.0711150020, 0.0002478080, 31.5881906846, 1098.7362229680, 0.0000014475
0.0730810016, 0.0002723840, 20.9115126132, 1072.8836059570, 0.0000012159
0.0753500015, 0.0002488320, 31.4032735903, 1085.6560298375, 0.0000303984
0.0756589994, 0.0002478080, 31.6759661363, 970.1607075143, 0.0000015199
0.0722580031, 0.0002488320, 26.6574412471, 1098.7362229680, inf
0.0709310025, 0.0002487680, 31.5117852475, 1072.8836059570, inf
0.0714399964, 0.0002507200, 31.4791530916, 1098.7362229680, 0.0000014475
0.0717530027, 0.0002497600, 31.4357485372, 1098.7362229680, inf
0.0729580000, 0.0002631680, 31.4032735903, 1098.7362229680, 0.0000015199
0.0717839971, 0.0002507520, 31.0610035785, 1098.7362229680, inf
0.0758609995, 0.0002672640, 22.7703137344, 1112.1354451994, inf
0.0848639980, 0.0002516800, 30.7987526195, 1085.6560298375, 0.0000009806
0.0706090033, 0.0002498560, 31.0081967040, 1098.7362229680, 0.0000303984
0.0733380020, 0.0002478080, 31.5226776724, 959.9484895405, inf
0.0751800016, 0.0002498560, 31.6210494127, 1112.1354451994, inf
0.0714010000, 0.0002508800, 31.5335776301, 1048.2196150155, 0.0000010857
0.0753450021, 0.0002485120, 31.5117852475, 1060.4082151901, inf
0.0727669969, 0.0002505920, 31.5009003476, 1085.6560298375, inf
0.0749450028, 0.0002498560, 31.5444851284, 1024.6641180488, inf
0.0720999986, 0.0002505920, 31.6869723789, 1024.6641180488, inf
0.0708070025, 0.0002519040, 31.5663227782, 1098.7362229680, inf
0.0764089972, 0.0002488320, 31.2740420118, 1112.1354451994, 0.0000009806
0.0762050003, 0.0002488320, 31.6100889103, 1085.6560298375, 0.0000303984
0.0741470009, 0.0002465600, 31.2740420118, 1098.7362229680, inf
0.0827130005, 0.0002477120, 31.4032735903, 1098.7362229680, 0.0000015199
0.0736069977, 0.0002508800, 31.5991360036, 1112.1354451994, 0.0000011259
0.0715010017, 0.0002498560, 27.0127685149, 1098.7362229680, 0.0000009499
0.0742999986, 0.0002443520, 31.2740420118, 1112.1354451994, 0.0000017881
0.0838870034, 0.0002508800, 28.5073793393, 1060.4082151901, 0.0000011692
0.0822329968, 0.0002488320, 28.6957540926, 1085.6560298375, inf
0.0822540000, 0.0002495680, 31.1991469402, 1098.7362229680, 0.0000015199
0.0847550035, 0.0002505280, 31.3170008607, 1112.1354451994, inf
0.0849889964, 0.0002416640, 31.2526067534, 1085.6560298375, 0.0000011259
0.0800049976, 0.0002519040, 31.6649675369, 1098.7362229680, inf
0.0778990015, 0.0002488320, 31.2098242664, 1112.1354451994, inf
0.0711390004, 0.0002447360, 30.8508479385, 1085.6560298375, 0.0000013217
0.0829820037, 0.0002658240, 25.4663799236, 1098.7362229680, 0.0000014475
0.0781050026, 0.0002498560, 29.4082897473, 970.1607075143, 0.0000010133
0.0867990032, 0.0002641280, 31.6979862726, 1112.1354451994, 0.0000009806
0.0806749985, 0.0002416640, 24.2540176879, 1072.8836059570, inf
0.0790840015, 0.0002795520, 24.1768575043, 1098.7362229680, 0.0000000633
0.0743950009, 0.0002457600, 31.1139906197, 1072.8836059570, 0.0000014475
0.0781629980, 0.0002447360, 22.4673827313, 1112.1354451994, 0.0000009806
0.0723079965, 0.0002535680, 25.1781078151, 1125.8655124240, inf
0.0870470032, 0.0002464320, 28.4008428858, 1098.7362229680, 0.0000015999
0.0800999999, 0.0002519040, 31.3170008607, 1112.1354451994, inf
0.0857350007, 0.0002406400, 27.0608624648, 1072.8836059570, 0.0000010133
0.0908240005, 0.0002519040, 31.4032735903, 1098.7362229680, 0.0000009499
0.0850479975, 0.0002517760, 30.7883546612, 1072.8836059570, 0.0000010857
0.0738200024, 0.0002560320, 31.0927741242, 1098.7362229680, 0.0000013217
0.0949840024, 0.0002426880, 29.6376686728, 1098.7362229680, 0.0000010482
0.0856259987, 0.0002437120, 28.5162934667, 894.0696716309, 0.0000009806
0.0837360024, 0.0002447040, 25.2268621041, 1125.8655124240, 0.0000009499
0.0766810030, 0.0002478080, 31.5991360036, 1125.8655124240, 0.0000303984
0.0824839994, 0.0002566400, 25.3531016142, 1112.1354451994, inf
0.0736680031, 0.0002465920, 31.1991469402, 1125.8655124240, 0.0000010857
0.0805260018, 0.0002426880, 31.3708656713, 1125.8655124240, 0.0000013817
0.0751240030, 0.0002478080, 31.2955066940, 1098.7362229680, 0.0000014475
0.0774609968, 0.0002477760, 31.1139906197, 1098.7362229680, 0.0000010482
0.0944449976, 0.0002467840, 27.6600262379, 1139.9388313293, inf
0.0906660035, 0.0002385920, 31.6210494127, 1098.7362229680, 0.0000009806
0.0790840015, 0.0002331840, 24.1256895519, 1125.8655124240, 0.0000017881
0.0754910037, 0.0002331200, 31.5444851284, 1154.3684367892, inf
0.0745730028, 0.0002272000, 31.1778141902, 1154.3684367892, 0.0000017881
0.0753339976, 0.0002314240, 31.3924635134, 1154.3684367892, 0.0000013217
0.0754410028, 0.0002310400, 30.8717354456, 1154.3684367892, inf
0.0726040006, 0.0002314240, 31.5117852475, 1139.9388313293, 0.0000011692
0.0780469999, 0.0002314240, 31.5663227782, 1098.7362229680, 0.0000018999
0.0770139992, 0.0002324480, 31.4900229649, 1139.9388313293, 0.0000012159
0.0814410001, 0.0002321600, 31.6649675369, 1154.3684367892, inf
0.0730020031, 0.0002319680, 28.6506775075, 1154.3684367892, inf
0.0718149990, 0.0002324480, 31.3924635134, 1139.9388313293, 0.0000016888
0.0719470009, 0.0002303040, 31.3170008607, 1154.3684367892, 0.0000015999
0.0757469982, 0.0002311680, 31.0927741242, 1154.3684367892, inf
0.0805130005, 0.0002309760, 31.5772529454, 1154.3684367892, inf
0.0749899969, 0.0002416640, 30.9765986774, 1002.1440275423, inf
0.0735120028, 0.0002283520, 31.1033787539, 1139.9388313293, 0.0000016888
0.0811949968, 0.0002281600, 31.5444851284, 1169.1680321327, 0.0000009499
0.1041970029, 0.0002312960, 31.6429932361, 1139.9388313293, inf
0.0736230016, 0.0002252800, 31.5554001752, 1154.3684367892, inf
0.0769440010, 0.0002324480, 26.1304030104, 1154.3684367892, inf
0.0722500011, 0.0002299840, 31.6320175187, 1072.8836059570, 0.0000011259
0.0749400035, 0.0002324160, 31.5881906846, 1154.3684367892, inf
0.0767169967, 0.0002516800, 31.1352360896, 1072.8836059570, inf
0.0847389996, 0.0002515520, 30.9765986774, 1112.1354451994, 0.0000011259
0.0812869966, 0.0002498560, 31.5009003476, 1112.1354451994, 0.0000012666
0.0709339976, 0.0002498560, 31.5226776724, 1024.6641180488, inf
0.0784939975, 0.0002416640, 31.3924635134, 1098.7362229680, 0.0000015199
0.0756739974, 0.0002508800, 31.5444851284, 1125.8655124240, 0.0000010857
0.0766849965, 0.0002517760, 31.1139906197, 1112.1354451994, inf
0.0741050020, 0.0002498560, 31.4465884505, 1139.9388313293, 0.0000012666
0.0749920011, 0.0002457600, 28.9049465947, 1002.1440275423, 0.0000014475
0.0754740015, 0.0002498560, 30.5511244577, 1098.7362229680, inf
0.0736970007, 0.0002485760, 31.5117852475, 949.9490261078, inf
0.0758740008, 0.0002442560, 31.3385245726, 1098.7362229680, inf
0.0823699981, 0.0002455360, 31.4465884505, 1048.2196150155, 0.0000009806
0.0790549964, 0.0002485440, 31.5554001752, 1125.8655124240, 0.0000011259
0.0842590034, 0.0002495680, 31.5117852475, 1112.1354451994, inf
0.0688370019, 0.0002494080, 30.9555690789, 1112.1354451994, 0.0000000612
0.0756819993, 0.0002455040, 31.4249160945, 991.2511576777, inf
0.0804430023, 0.0002498560, 30.8821898091, 1072.8836059570, 0.0000015999
0.0732130036, 0.0002498560, 31.4574358421, 1085.6560298375, inf
0.0702899992, 0.0002508800, 31.2526067534, 1098.7362229680, inf
0.0733269975, 0.0002498560, 31.4900229649, 1112.1354451994, inf
0.0760279968, 0.0002457280, 31.4900229649, 1085.6560298375, inf
0.0767059997, 0.0002426880, 30.7883546612, 1085.6560298375, 0.0000009499
0.0724319965, 0.0002498560, 31.5009003476, 1085.6560298375, 0.0000303984
0.0804940015, 0.0002504640, 31.2847706711, 1036.3080284812, 0.0000016888
0.0761319995, 0.0002494080, 31.3062500880, 1098.7362229680, 0.0000010133
0.0755010024, 0.0002467840, 31.6869723789, 1098.7362229680, 0.0000012159
0.0737060010, 0.0002475200, 31.6320175187, 1098.7362229680, inf
0.0719700009, 0.0002487360, 31.4249160945, 1098.7362229680, inf
0.0721139982, 0.0002498560, 25.1572707604, 1098.7362229680, inf
0.0775350034, 0.0002478080, 31.6429932361, 1112.1354451994, inf
0.0727690011, 0.0002514560, 31.3600778908, 1112.1354451994, 0.0000010133
0.0712890029, 0.0002477120, 31.4032735903, 1112.1354451994, inf
0.0700329989, 0.0002488320, 31.5772529454, 1098.7362229680, 0.0000010133
0.0749839991, 0.0002478080, 31.3708656713, 1098.7362229680, inf
0.0785500035, 0.0002474240, 31.5009003476, 1098.7362229680, 0.0000012666
0.0712200031, 0.0002437120, 31.3170008607, 1098.7362229680, inf
0.0688159987, 0.0002648640, 28.3831641788, 1112.1354451994, inf
0.0751309991, 0.0002529600, 31.5117852475, 1098.7362229680, 0.0000009499
0.0741109997, 0.0002478080, 31.6100889103, 1085.6560298375, 0.0000012666
0.0728269964, 0.0002508800, 31.2740420118, 1060.4082151901, inf
0.0725229979, 0.0002514240, 31.1671587513, 1112.1354451994, inf
0.0803759992, 0.0002508800, 31.3170008607, 1098.7362229680, 0.0000013217
0.0744419992, 0.0002494080, 31.5226776724, 1112.1354451994, 0.0000009806
0.0785989985, 0.0002455360, 31.4682907199, 1072.8836059570, inf
0.0764319971, 0.0002467840, 27.1980633780, 1098.7362229680, inf
0.0693420023, 0.0002495680, 31.2740420118, 1098.7362229680, inf
0.0746069998, 0.0002447360, 31.2847706711, 1098.7362229680, 0.0000014475
0.0715309978, 0.0002504960, 31.5991360036, 1085.6560298375, 0.0000009806
0.0709739998, 0.0002498560, 31.4900229649, 1072.8836059570, 0.0000011259
0.0776650012, 0.0002497600, 31.5554001752, 1085.6560298375, 0.0000010482
0.0714080036, 0.0002488320, 31.3924635134, 1085.6560298375, 0.0000014475
0.0728999972, 0.0002498560, 31.3277590197, 1125.8655124240, 0.0000009499
0.0743200034, 0.0002498240, 31.4682907199, 1098.7362229680, 0.0000012666
0.0733290017, 0.0002649920, 31.1565105932, 1098.7362229680, 0.0000011692
0.0749270022, 0.0002433920, 28.6416791791, 1098.7362229680, 0.0000012666
0.0738250017, 0.0002488320, 31.5991360036, 1112.1354451994, 0.0000010857
0.0717220008, 0.0002519040, 30.8612881578, 1098.7362229680, inf
0.0801559985, 0.0002478080, 31.3492975271, 1125.8655124240, 0.0000016888
0.0706759989, 0.0002478080, 31.5772529454, 1013.2789611816, inf
0.0744839981, 0.0002515840, 31.5444851284, 1098.7362229680, 0.0000303984
0.0732569993, 0.0002514560, 31.2740420118, 1112.1354451994, inf
0.0716409981, 0.0002496000, 31.2098242664, 1098.7362229680, 0.0000012159
0.0965199992, 0.0002488320, 31.5335776301, 1112.1354451994, inf
0.0763079971, 0.0002456960, 31.5335776301, 1112.1354451994, 0.0000010133
0.0746909976, 0.0002496320, 31.2098242664, 1085.6560298375, inf
0.0761800036, 0.0002426880, 31.4465884505, 1072.8836059570, inf
0.0675780028, 0.0002484480, 31.3816608762, 1098.7362229680, inf
0.0702830032, 0.0002504640, 31.5991360036, 1098.7362229680, inf
0.0748390034, 0.0002457600, 31.3062500880, 1112.1354451994, 0.0000015999
0.0806159973, 0.0002508800, 31.5335776301, 1112.1354451994, inf
0.0722789988, 0.0002488320, 31.7090078256, 1072.8836059570, 0.0000012666
0.0725990012, 0.0002488320, 31.3170008607, 1125.8655124240, inf
0.0758880004, 0.0002487360, 31.6100889103, 1112.1354451994, inf
0.0832780004, 0.0002478080, 31.5444851284, 1125.8655124240, 0.0000009806
0.0846790001, 0.0002504640, 26.9568745215, 1098.7362229680, 0.0000010133
0.0829219967, 0.0002426880, 31.4574358421, 1048.2196150155, 0.0000013817
0.0689520016, 0.0002488320, 31.1458697085, 1098.7362229680, inf
0.0759650022, 0.0002494080, 31.4574358421, 1112.1354451994, 0.0000011692
0.0721639991, 0.0002437120, 23.4796875660, 1098.7362229680, inf
0.0693420023, 0.0002457280, 31.4574358421, 1112.1354451994, 0.0000009499
0.0847650021, 0.0002508800, 31.4140911148, 1085.6560298375, 0.0000015199
0.0787049979, 0.0002529280, 25.2059443080, 959.9484895405, 0.0000012159
0.0718280002, 0.0002498560, 31.5335776301, 991.2511576777, 0.0000009499
0.0742660016, 0.0002488320, 31.4249160945, 1098.7362229680, inf
0.0786280036, 0.0002498560, 31.5009003476, 1098.7362229680, inf
0.0802500024, 0.0002488320, 31.4791530916, 1048.2196150155, 0.0000009499
0.0744509995, 0.0002426880, 31.1458697085, 980.5925430790, inf
0.0716639981, 0.0002426880, 30.8299886769, 1098.7362229680, 0.0000010857
0.0726559982, 0.0002406400, 23.5707176289, 949.9490261078, inf
0.0740220025, 0.0002498560, 31.5009003476, 1098.7362229680, 0.0000010133
0.0780939981, 0.0002457600, 26.9648452118, 1125.8655124240, 0.0000009806
0.0817219988, 0.0002467840, 31.6210494127, 1098.7362229680, 0.0000012666
0.0703009963, 0.0002477760, 31.5881906846, 980.5925430790, 0.0000012159
0.0713900030, 0.0002501120, 28.4895677933, 1112.1354451994, inf
0.0731289983, 0.0002488320, 31.3924635134, 1098.7362229680, 0.0000009499
0.0815050006, 0.0002498560, 27.4601344494, 1024.6641180488, inf
0.0711710006, 0.0002498560, 31.5444851284, 1085.6560298375, inf
0.0741270036, 0.0002499520, 30.8926512555, 1112.1354451994, 0.0000013817
0.0788400024, 0.0002495040, 31.4574358421, 1098.7362229680, inf
0.0822359994, 0.0002498560, 31.5335776301, 1098.7362229680, inf
0.0768700019, 0.0002457600, 31.6100889103, 1013.2789611816, inf
0.0695300028, 0.0002493760, 31.3170008607, 991.2511576777, inf
0.0740979984, 0.0002498880, 31.1671587513, 1112.1354451994, inf
0.0770199969, 0.0002519040, 31.4357485372, 1139.9388313293, 0.0000012159
0.0720760003, 0.0002487360, 31.2955066940, 1085.6560298375, 0.0000013817
0.0811870024, 0.0002548480, 31.2633207084, 1112.1354451994, 0.0000013217
0.0733209997, 0.0002519040, 31.3492975271, 1002.1440275423, inf
0.0696400031, 0.0002519360, 31.4140911148, 1112.1354451994, inf
0.0760490000, 0.0002506880, 25.3319740295, 1098.7362229680, 0.0000009499
0.0750899985, 0.0002498560, 31.3924635134, 1060.4082151901, 0.0000018999
0.0770410001, 0.0002495360, 24.3446627086, 1125.8655124240, inf
0.0709460005, 0.0002498560, 31.7310739410, 1085.6560298375, inf
0.0732140020, 0.0002505600, 31.3277590197, 1098.7362229680, 0.0000010857
0.0706280023, 0.0002498880, 27.4932488714, 970.1607075143, inf
0.0757469982, 0.0002519040, 31.5991360036, 1112.1354451994, inf
0.0727630034, 0.0002498560, 31.4900229649, 1085.6560298375, inf
0.0684870034, 0.0002608640, 26.7591274960, 1098.7362229680, 0.0000303984
0.0716499984, 0.0002488320, 31.0927741242, 1125.8655124240, 0.0000009499
0.0710870028, 0.0002437120, 31.6759661363, 1112.1354451994, 0.0000016888
0.0740979984, 0.0002483520, 31.4249160945, 1098.7362229680, inf
0.0705170035, 0.0002474880, 31.2847706711, 1112.1354451994, inf
0.0718600005, 0.0002508800, 31.2419001392, 1112.1354451994, inf
0.0754230022, 0.0002467520, 31.5772529454, 1098.7362229680, 0.0000015999
0.0765969977, 0.0002484160, 31.5226776724, 1048.2196150155, inf
0.0780880004, 0.0002507200, 31.2098242664, 1072.8836059570, 0.0000017881
0.0734200031, 0.0002682880, 28.4984707832, 1085.6560298375, inf
0.0778940022, 0.0002529280, 31.4574358421, 1085.6560298375, inf
0.0773800015, 0.0002447360, 31.5772529454, 1098.7362229680, 0.0000010857
0.0707319975, 0.0002437120, 31.4791530916, 991.2511576777, 0.0000011692
0.0760700032, 0.0002467840, 31.6649675369, 1048.2196150155, 0.0000012159
0.0721549988, 0.0002452480, 31.4249160945, 1098.7362229680, 0.0000011692
0.0696170032, 0.0002488320, 31.4465884505, 1098.7362229680, inf
0.0744559988, 0.0002483840, 31.5991360036, 1098.7362229680, 0.0000011692
0.0705630034, 0.0002498560, 31.3600778908, 1098.7362229680, 0.0000016888
0.0729409978, 0.0002498560, 31.4900229649, 1085.6560298375, inf
0.0690219998, 0.0002488320, 31.3277590197, 1098.7362229680, inf
0.0748599991, 0.0002488320, 28.8683464724, 1024.6641180488, inf
0.0755280033, 0.0002488320, 31.3924635134, 1036.3080284812, 0.0000017881
0.1000560001, 0.0002435840, 31.5444851284, 1098.7362229680, inf
0.0775170028, 0.0002507840, 31.6869723789, 1125.8655124240, 0.0000009806
0.0731109977, 0.0002498560, 31.2419001392, 1024.6641180488, inf
0.0755800009, 0.0002529280, 31.4032735903, 1098.7362229680, inf
0.0819249973, 0.0002498560, 31.2847706711, 980.5925430790, inf
0.0760930032, 0.0002494720, 31.5663227782, 1098.7362229680, 0.0000010133
0.0753270015, 0.0002505920, 30.9660803078, 1112.1354451994, 0.0000009806
0.0757649988, 0.0002518720, 31.1778141902, 1098.7362229680, 0.0000010857
0.0789939985, 0.0002447360, 31.5335776301, 1098.7362229680, 0.0000015999
0.0820870027, 0.0002416640, 31.5117852475, 1098.7362229680, inf
0.0691860020, 0.0002488320, 31.3062500880, 1098.7362229680, 0.0000009806
0.0722059980, 0.0002485440, 27.4436071340, 1112.1354451994, inf
0.0757419989, 0.0002447360, 31.5009003476, 1024.6641180489, 0.0000009499
0.0788429976, 0.0002494720, 31.5335776301, 1098.7362229680, 0.0000012666
0.0736609995, 0.0002506240, 31.3816608762, 1098.7362229680, 0.0000011259
0.0741960034, 0.0002504320, 31.6429932361, 1098.7362229680, 0.0000011259
0.0797739998, 0.0002588800, 31.5554001752, 1098.7362229680, inf
0.0720459968, 0.0002498560, 31.2526067534, 1013.2789611816, inf
0.0777869970, 0.0002488320, 31.5226776724, 980.5925430790, 0.0000015199
0.0675889999, 0.0002488320, 31.2740420118, 1085.6560298375, 0.0000016888
0.0853900015, 0.0002539520, 31.5991360036, 991.2511576777, 0.0000014475
0.0708379969, 0.0002487680, 31.6210494127, 1098.7362229680, inf
0.0744339973, 0.0002447360, 31.5117852475, 991.2511576777, 0.0000009806
0.0717319995, 0.0002453760, 31.1991469402, 1085.6560298375, 0.0000013217
0.0759780034, 0.0002457600, 31.5991360036, 1098.7362229680, inf
0.0771389976, 0.0002514240, 31.2740420118, 1072.8836059570, inf
0.0770279989, 0.0002527680, 31.4682907199, 1098.7362229680, 0.0000011692
0.0812909976, 0.0002426880, 31.5554001752, 1098.7362229680, inf
0.0710410029, 0.0002426880, 31.1458697085, 1098.7362229680, inf
0.0733809993, 0.0002496640, 31.5991360036, 1085.6560298375, inf
0.0739900023, 0.0002519040, 31.3600778908, 1085.6560298375, 0.0000009499
0.0777430013, 0.0002495360, 31.7752984343, 1125.8655124240, 0.0000009806
0.0747620016, 0.0002488320, 31.5009003476, 1125.8655124240, 0.0000017881
0.0795029998, 0.0002488000, 31.5991360036, 1098.7362229680, 0.0000010482
0.0736220032, 0.0002508800, 31.5009003476, 1112.1354451994, inf
0.0815349966, 0.0002488320, 31.7531707891, 1072.8836059570, 0.0000016888
0.0727410018, 0.0002508800, 31.3708656713, 1098.7362229680, inf
0.0812190026, 0.0002496000, 31.5009003476, 1112.1354451994, inf
0.0731659979, 0.0002508800, 31.6759661363, 1112.1354451994, 0.0000011692
0.0784469992, 0.0002519040, 31.1033787539, 1072.8836059570, 0.0000010482
0.0781579986, 0.0002498560, 31.4900229649, 1098.7362229680, 0.0000015199
0.0888689980, 0.0002457600, 31.0398592602, 1098.7362229680, 0.0000012159
0.0841920003, 0.0002508800, 31.5554001752, 1098.7362229680, inf
0.0835950002, 0.0002488320, 31.0610035785, 1112.1354451994, inf
0.0812179968, 0.0002529280, 31.6539765728, 1098.7362229680, 0.0000015199
0.0801139995, 0.0002475840, 31.6210494127, 1098.7362229680, inf
0.0759470016, 0.0002488320, 31.5663227782, 264.3336420474, 0.0000009499
0.0780010000, 0.0002498560, 31.3492975271, 1085.6560298375, 0.0000011259
0.0873889998, 0.0002505600, 27.0688947778, 1085.6560298375, 0.0000011692
0.0779550001, 0.0002486080, 28.6686911369, 1112.1354451994, 0.0000013217
0.0764300004, 0.0002590080, 30.9240781642, 1085.6560298375, 0.0000012159
0.0807079971, 0.0002494720, 31.5881906846, 1098.7362229680, inf
0.0846379995, 0.0002535040, 31.0715865439, 1013.2789611816, inf
0.0745640025, 0.0002494080, 31.5663227782, 1098.7362229680, 0.0000013817
0.0844179988, 0.0002498240, 31.5663227782, 1098.7362229680, inf
0.0847589970, 0.0002483840, 31.6100889103, 959.9484895405, inf
0.0782070011, 0.0002498560, 31.3708656713, 1098.7362229680, 0.0000010857
0.0777150020, 0.0002426880, 31.6759661363, 1024.6641180489, 0.0000014475
0.0705130026, 0.0002468160, 31.5663227782, 1085.6560298375, 0.0000010482
0.0823170021, 0.0002426880, 31.3816608762, 1112.1354451994, 0.0000014475
0.0858199969, 0.0002519040, 31.5226776724, 1112.1354451994, 0.0000010482
0.0881040022, 0.0002527040, 31.5881906846, 1112.1354451994, 0.0000010133
0.0910580009, 0.0002609920, 31.4032735903, 1085.6560298375, 0.0000010482
0.0721469969, 0.0002506880, 31.6100889103, 1098.7362229680, inf
0.0705069974, 0.0002498560, 31.5226776724, 1072.8836059570, 0.0000015199
0.0834759995, 0.0002508800, 24.2798473127, 1072.8836059570, 0.0000010482
0.0819580033, 0.0002488000, 31.3170008607, 1098.7362229680, inf
0.0804290026, 0.0002478080, 31.2419001392, 1085.6560298375, inf
0.0880580023, 0.0002600960, 31.4032735903, 1098.7362229680, inf
0.0754500031, 0.0002498560, 31.5554001752, 1085.6560298375, inf
0.0715579987, 0.0002508800, 20.8732219058, 1048.2196150155, inf
0.0781930014, 0.0002457280, 31.4357485372, 1098.7362229680, 0.0000015999
0.0797929987, 0.0002497920, 31.6100889103, 1125.8655124240, 0.0000009806
0.0736709982, 0.0002497920, 31.4791530916, 1098.7362229680, 0.0000009806
0.0783319995, 0.0002488320, 31.2955066940, 1098.7362229680, 0.0000015199
0.0873429999, 0.0002416640, 31.0187437096, 1112.1354451994, inf
0.0886539966, 0.0002426880, 31.3385245726, 1098.7362229680, inf
0.0814640000, 0.0002484480, 31.5554001752, 1112.1354451994, 0.0000013817
0.0760530010, 0.0002517440, 30.7157650746, 1098.7362229680, inf
0.0880229995, 0.0002416640, 31.3385245726, 1112.1354451994, inf
0.0785999969, 0.0002508800, 31.1352360896, 1125.8655124240, inf
0.0814139992, 0.0002498560, 31.0081967040, 1112.1354451994, inf
0.0805760026, 0.0002437120, 31.5554001752, 1098.7362229680, inf
0.0762260035, 0.0002739520, 31.6320175187, 1060.4082151901, 0.0000010482
0.1007549986, 0.0002514560, 31.4249160945, 1098.7362229680, 0.0000011692
0.0801969990, 0.0002508800, 31.4249160945, 1098.7362229680, 0.0000012666
0.0739400014, 0.0002488000, 31.1671587513, 1112.1354451994, 0.0000015999
0.0859239995, 0.0002507840, 31.4357485372, 1112.1354451994, inf
0.0809480026, 0.0002497280, 25.0949660172, 1060.4082151901, inf
0.0850559995, 0.0002485760, 30.9135954259, 1098.7362229680, 0.0000014475
0.0801149979, 0.0002508800, 31.3062500880, 1098.7362229680, inf
0.0781560019, 0.0002488320, 31.5444851284, 1098.7362229680, inf
0.0736619979, 0.0002505600, 18.1555059738, 1112.1354451994, inf
0.0718860030, 0.0002494720, 23.4434721096, 1112.1354451994, 0.0000010857
0.0723569989, 0.0002498560, 31.4465884505, 1098.7362229680, inf
0.0705069974, 0.0002484800, 31.4900229649, 1098.7362229680, 0.0000013817
0.0745859966, 0.0002488320, 31.4791530916, 1112.1354451994, inf
0.0738030002, 0.0002467840, 31.4900229649, 1072.8836059570, 0.0000013817
0.0760030001, 0.0002467840, 31.4465884505, 1085.6560298375, inf
0.0704089999, 0.0002508160, 31.5444851284, 1112.1354451994, inf
0.0777809992, 0.0002487680, 31.5335776301, 1112.1354451994, inf
0.0843729973, 0.0002587840, 31.2312008583, 1060.4082151901, 0.0000010857
0.0762699991, 0.0002496000, 31.5117852475, 1098.7362229680, 0.0000015199
0.0710719973, 0.0002484800, 31.7531707891, 1098.7362229680, 0.0000013817
0.0728600025, 0.0002488320, 31.6210494127, 1098.7362229680, 0.0000009499
0.0779990032, 0.0002416640, 31.4032735903, 1112.1354451994, 0.0000009499
0.0730480030, 0.0002498560, 31.5226776724, 1112.1354451994, inf
0.0720660016, 0.0002497920, 31.5009003476, 1098.7362229680, 0.0000012159
0.0786269978, 0.0002463360, 31.4682907199, 1098.7362229680, 0.0000013817
0.0771220028, 0.0002488320, 31.5554001752, 1112.1354451994, 0.0000010857
0.0754029974, 0.0002498560, 25.2338424201, 1112.1354451994, 0.0000014475
0.0803939998, 0.0002457600, 30.0280232158, 1112.1354451994, 0.0000012159
0.0721570030, 0.0002495040, 24.1704496439, 1085.6560298375, 0.0000010133
0.0742200017, 0.0002467520, 31.5117852475, 1098.7362229680, inf
0.0722910017, 0.0002529280, 26.4640471580, 970.1607075143, inf
0.0678299963, 0.0002619840, 31.1778141902, 1072.8836059570, inf
0.0889410004, 0.0002447360, 31.0610035785, 1098.7362229680, 0.0000015199
0.0890149996, 0.0002496320, 31.5881906846, 1112.1354451994, 0.0000015999
0.0822269991, 0.0002498560, 31.0610035785, 1112.1354451994, 0.0000014475
0.0900729969, 0.0002416640, 31.1458697085, 1072.8836059570, 0.0000015199
0.0859640017, 0.0002406400, 31.2526067534, 1098.7362229680, inf
0.0945269987, 0.0002406400, 28.3566873465, 1098.7362229680, 0.0000013217
0.0802259967, 0.0002548480, 31.0821767234, 980.5925430790, 0.0000015999
0.0846190006, 0.0002498560, 31.4032735903, 1085.6560298375, 0.0000009806
0.0855370015, 0.0002416640, 31.0610035785, 1098.7362229680, 0.0000009499
0.0780280009, 0.0002508800, 31.5881906846, 1085.6560298375, 0.0000012159
0.0772479996, 0.0002498560, 31.5444851284, 1098.7362229680, 0.0000015999
0.0785520002, 0.0002467840, 30.7987526195, 1085.6560298375, inf
0.0838370025, 0.0002486400, 24.1256895519, 1085.6560298375, 0.0000009499
0.0895180032, 0.0002426880, 31.1352360896, 1085.6560298375, inf
0.0829809979, 0.0002437120, 29.6569452053, 911.9510650635, 0.0000009499
0.0943159983, 0.0002447360, 31.5335776301, 1098.7362229680, inf
0.0879779980, 0.0002514240, 31.6100889103, 1013.2789611816, inf
0.0688679963, 0.0002525120, 31.5991360036, 1072.8836059570, 0.0000009806
0.0719560012, 0.0002517440, 31.4900229649, 1060.4082151901, inf
0.0827800035, 0.0002590720, 31.2740420118, 1085.6560298375, 0.0000014475
0.0764269978, 0.0002508800, 31.2419001392, 1060.4082151901, 0.0000303984
0.0718690008, 0.0002508800, 31.6539765728, 1112.1354451994, inf
0.0828839988, 0.0002457600, 30.8612881578, 1072.8836059570, 0.0000011259
0.0849210024, 0.0002506240, 31.5335776301, 1098.7362229680, inf
0.0823720023, 0.0002488320, 31.3816608762, 1098.7362229680, inf
0.0741010010, 0.0002496640, 31.4791530916, 1112.1354451994, 0.0000012666
0.0741029978, 0.0002506560, 27.3039241037, 1098.7362229680, inf
0.0823900029, 0.0002498560, 26.5179140757, 991.2511576777, 0.0000009806
0.0745669976, 0.0002437120, 31.4574358421, 1112.1354451994, 0.0000012666
0.0725900009, 0.0002488320, 26.4103986407, 1098.7362229680, inf
0.0731209964, 0.0002473600, 31.4357485372, 1085.6560298375, inf
0.0736989975, 0.0002437120, 31.5663227782, 1002.1440275423, inf
0.0810519978, 0.0002549760, 30.2772597963, 959.9484895405, inf
0.0779159963, 0.0002426880, 31.5009003476, 1013.2789611816, 0.0000014475
0.0918859988, 0.0002406400, 25.3038586311, 1112.1354451994, 0.0000011259
0.0772370026, 0.0002519040, 27.3859178698, 1112.1354451994, inf
0.0760409981, 0.0002558080, 31.5663227782, 1098.7362229680, 0.0000011259
0.0774699971, 0.0002528000, 31.0927741242, 1072.8836059570, 0.0000015199
0.0843259990, 0.0002486080, 31.3385245726, 1125.8655124240, 0.0000009499
0.0782169998, 0.0002529280, 30.8926512555, 1112.1354451994, inf
0.0817710012, 0.0002495680, 31.5881906846, 1085.6560298375, inf
0.0765829980, 0.0002507200, 24.7610932681, 1098.7362229680, inf
0.0767979994, 0.0002504640, 26.1829188936, 1036.3080284812, inf
0.0789360031, 0.0002478080, 31.5881906846, 1072.8836059570, 0.0000011692
0.0720380023, 0.0002478080, 31.6100889103, 1048.2196150155, 0.0000009806
0.0747350007, 0.0002519040, 24.9781173668, 1098.7362229680, 0.0000017881
0.0722960010, 0.0002488320, 31.3385245726, 1098.7362229680, 0.0000011692
0.0714050010, 0.0002488320, 31.5335776301, 1098.7362229680, inf
0.0701150000, 0.0002488320, 31.3492975271, 1098.7362229680, inf
0.0808229968, 0.0002600960, 31.3924635134, 991.2511576777, 0.0000012159
0.0721609965, 0.0002406400, 25.2408266002, 1060.4082151901, inf
0.0725589991, 0.0002524800, 31.5009003476, 1098.7362229680, inf
0.0768539980, 0.0002485440, 31.5009003476, 1098.7362229680, inf
0.0779429972, 0.0002505280, 31.4791530916, 991.2511576777, inf
0.0740349963, 0.0002488640, 31.4140911148, 1085.6560298375, inf
0.0759039968, 0.0002505920, 31.5444851284, 1112.1354451994, inf
0.0660329983, 0.0002487360, 31.4682907199, 1098.7362229680, inf
0.0744900033, 0.0002498560, 27.5347543799, 1072.8836059570, inf
0.0750349984, 0.0002436480, 28.7681723995, 1085.6560298375, inf
0.0685739964, 0.0002524480, 31.0610035785, 1072.8836059570, 0.0000013817
0.0729409978, 0.0002488320, 31.5009003476, 1112.1354451994, 0.0000009499
0.0770879984, 0.0002445760, 31.5335776301, 1098.7362229680, 0.0000010857
0.0734400004, 0.0002496640, 31.4465884505, 1098.7362229680, inf
0.0684119985, 0.0002497600, 31.2740420118, 1098.7362229680, 0.0000013217
0.0777610019, 0.0002478080, 31.5009003476, 1072.8836059570, inf
0.0860709995, 0.0002478080, 31.4574358421, 1125.8655124240, inf
0.0721710026, 0.0002600320, 20.6604228605, 1098.7362229680, inf
0.0782990009, 0.0002498560, 31.3924635134, 1098.7362229680, 0.0000010857
0.0740050003, 0.0002478080, 31.2526067534, 1085.6560298375, 0.0000015999
0.0727939978, 0.0002537600, 25.1433985405, 1112.1354451994, 0.0000303984
0.0843100026, 0.0002498880, 31.6979862726, 1125.8655124240, 0.0000016888
0.0819799975, 0.0002498560, 31.2419001392, 1098.7362229680, 0.0000011259
0.0761009976, 0.0002689280, 31.7752984343, 1098.7362229680, inf
0.0718050003, 0.0002478080, 31.5991360036, 1098.7362229680, 0.0000013217
0.0767429993, 0.0002487360, 31.5009003476, 1085.6560298375, 0.0000012666
0.0795790032, 0.0002498560, 31.3816608762, 1098.7362229680, 0.0000009499
0.0720179975, 0.0002498560, 31.2312008583, 1098.7362229680, 0.0000014475
0.0701930001, 0.0002478080, 31.4900229649, 1098.7362229680, inf
0.0749579966, 0.0002498560, 30.9345680144, 1085.6560298375, inf
0.0719489977, 0.0002454080, 28.5788487955, 1098.7362229680, inf
0.0720100030, 0.0002508800, 31.5663227782, 1098.7362229680, inf
0.0804440007, 0.0002649920, 31.3600778908, 1024.6641180488, 0.0000303984
0.0788469985, 0.0002496320, 31.6100889103, 1112.1354451994, 0.0000016888
0.0758560002, 0.0002505600, 31.2419001392, 1013.2789611816, inf
0.0703139976, 0.0002488320, 31.3924635134, 1072.8836059570, inf
0.0735300034, 0.0002514240, 31.4574358421, 1085.6560298375, inf
0.0744799972, 0.0002447360, 31.6429932361, 1072.8836059570, 0.0000012666
0.0715079978, 0.0002488320, 28.1379532571, 1098.7362229680, 0.0000009499
0.0707969964, 0.0002498560, 28.7228681910, 1098.7362229680, inf
0.0728230029, 0.0002478080, 22.5284354018, 1125.8655124240, 0.0000016888
0.0791229978, 0.0002504640, 31.4682907199, 1098.7362229680, 0.0000011692
0.0747020021, 0.0002508800, 31.1671587513, 1098.7362229680, inf
0.0713919997, 0.0002488320, 31.6429932361, 1098.7362229680, 0.0000015199
0.0750859976, 0.0002498560, 31.5226776724, 1098.7362229680, inf
0.0719069988, 0.0002508800, 31.2526067534, 1098.7362229680, 0.0000009499
0.0723609999, 0.0002497600, 31.4032735903, 1098.7362229680, inf
0.0705600008, 0.0002498560, 31.5663227782, 980.5925430790, inf
0.0717850029, 0.0002498240, 31.4249160945, 1098.7362229680, 0.0000016888
0.0700550005, 0.0002467840, 31.5881906846, 1024.6641180488, 0.0000016888
0.0749239996, 0.0002488320, 31.6869723789, 1098.7362229680, inf
0.0837270021, 0.0002455040, 31.5772529454, 1098.7362229680, 0.0000009806
0.0772410035, 0.0002484480, 31.3385245726, 1125.8655124240, 0.0000011692
0.0729330033, 0.0002447040, 31.3816608762, 1098.7362229680, inf
0.0747900009, 0.0002494400, 31.4791530916, 1085.6560298375, 0.0000011692
0.0713389963, 0.0002478080, 31.4032735903, 1072.8836059570, inf
0.0829180032, 0.0002545920, 26.8142036184, 253.3197402954, 0.0000017881
0.0762439966, 0.0002524800, 22.6290586864, 1098.7362229680, 0.0000009806
0.0697889999, 0.0002488320, 31.5009003476, 1085.6560298375, inf
0.0763589963, 0.0002539520, 31.5554001752, 980.5925430790, 0.0000009806
0.0800480023, 0.0002457920, 31.5772529454, 1098.7362229680, 0.0000010133
0.0722569972, 0.0002507840, 31.6649675369, 1098.7362229680, 0.0000011692
0.0799840018, 0.0002488320, 31.4032735903, 1085.6560298375, 0.0000010133
0.0725909993, 0.0002478080, 31.4900229649, 1098.7362229680, inf
0.0719999969, 0.0002498560, 31.1246097291, 1112.1354451994, 0.0000010857
0.0707139969, 0.0002488320, 28.4895677933, 1098.7362229680, 0.0000012666
0.0771339983, 0.0002478080, 31.3924635134, 1098.7362229680, 0.0000009806
0.0672779977, 0.0002488320, 31.5335776301, 1098.7362229680, inf
0.0778810009, 0.0002519040, 31.4791530916, 1112.1354451994, 0.0000011259
0.0744109973, 0.0002487040, 31.4357485372, 1098.7362229680, 0.0000013817
0.0761080012, 0.0002498880, 31.2847706711, 1112.1354451994, 0.0000013817
0.0721570030, 0.0002487360, 30.6538173131, 1098.7362229680, inf
0.0716790035, 0.0002546880, 31.4465884505, 1112.1354451994, inf
0.0788849965, 0.0002426880, 31.3708656713, 1125.8655124240, 0.0000017881
0.0821669996, 0.0002508800, 31.3277590197, 1098.7362229680, 0.0000009806
0.0747990012, 0.0002498560, 31.5009003476, 1098.7362229680, 0.0000009806
0.0699670017, 0.0002484480, 31.4249160945, 1112.1354451994, inf
0.0760850012, 0.0002504000, 31.2205089032, 1098.7362229680, 0.0000013817
0.0726199970, 0.0002498240, 31.6210494127, 1072.8836059570, inf
0.0727140009, 0.0002416640, 30.4389541076, 1098.7362229680, 0.0000013817
0.0801550001, 0.0002495360, 31.6100889103, 1098.7362229680, 0.0000014475
0.0747160017, 0.0002447360, 31.6100889103, 1098.7362229680, 0.0000009806
0.0748030022, 0.0002519040, 28.5073793393, 959.9484895405, inf
0.0747329965, 0.0002474240, 31.4249160945, 1098.7362229680, 0.0000012666
0.0723489970, 0.0002621440, 26.8220901489, 1098.7362229680, 0.0000014475
0.0739120021, 0.0002487680, 31.3277590197, 1125.8655124240, 0.0000010857
0.0797460005, 0.0002498560, 31.5991360036, 1098.7362229680, 0.0000014475
0.0750980005, 0.0002437120, 31.6320175187, 1098.7362229680, inf
0.0722260028, 0.0002484800, 31.3062500880, 1098.7362229680, 0.0000303984
0.0784140006, 0.0002495680, 31.0927741242, 1098.7362229680, inf
0.0786700025, 0.0002455040, 31.3492975271, 1098.7362229680, inf
0.0784389973, 0.0002494720, 31.5444851284, 1098.7362229680, inf
0.0980309993, 0.0002497600, 22.2535643012, 1098.7362229680, 0.0000013817
0.0711330026, 0.0002488320, 31.2526067534, 1098.7362229680, 0.0000017881
0.0768340006, 0.0002497600, 31.2633207084, 1098.7362229680, 0.0000011692
0.0740270019, 0.0002494400, 31.3170008607, 1098.7362229680, inf
0.0797260031, 0.0002488320, 31.5444851284, 1085.6560298375, 0.0000017881
0.0842669979, 0.0002506240, 25.3601519762, 1098.7362229680, inf
0.0748310015, 0.0002406400, 31.5444851284, 1098.7362229680, inf
0.0729089975, 0.0002416640, 31.5335776301, 1112.1354451994, inf
0.0697140023, 0.0002485120, 31.1565105932, 1085.6560298375, 0.0000009806
0.0758899972, 0.0002497600, 31.4574358421, 1125.8655124240, 0.0000303984
0.0711459965, 0.0002508800, 31.4682907199, 1098.7362229680, inf
0.0746570006, 0.0002437120, 31.5117852475, 1112.1354451994, inf
0.0735500008, 0.0002496320, 31.1884769174, 1085.6560298375, inf
0.0762860030, 0.0002467840, 31.4900229649, 1098.7362229680, 0.0000015999
0.0712499991, 0.0002498560, 22.3407904229, 1085.6560298375, 0.0000013217
0.0760160014, 0.0002483840, 31.6429932361, 1112.1354451994, 0.0000016888
0.0990910009, 0.0002505600, 31.4682907199, 1098.7362229680, 0.0000009806
0.0768069997, 0.0002488320, 31.5009003476, 1112.1354451994, 0.0000010482
0.0745870024, 0.0002476160, 27.6265090901, 1098.7362229680, 0.0000013217
0.0782290027, 0.0002416640, 31.5335776301, 1112.1354451994, 0.0000303984
0.0725380033, 0.0002496000, 31.5663227782, 1112.1354451994, inf
0.0740360022, 0.0002476480, 31.5881906846, 1098.7362229680, inf
0.0779709965, 0.0002495040, 31.4249160945, 1112.1354451994, 0.0000013817
0.0743729994, 0.0002629760, 23.9420074839, 1112.1354451994, 0.0000010482
0.0724650025, 0.0002505600, 31.5881906846, 1098.7362229680, inf
0.0877600014, 0.0002488320, 31.5009003476, 1098.7362229680, inf
0.0735120028, 0.0002515840, 31.4791530916, 1098.7362229680, 0.0000010482
0.0789910033, 0.0002516480, 31.5335776301, 1085.6560298375, 0.0000010482
0.0738919973, 0.0002467200, 31.5009003476, 1098.7362229680, inf
0.0739120021, 0.0002504000, 31.4900229649, 1098.7362229680, inf
0.0690319985, 0.0002497600, 31.2312008583, 270.6086246479, 0.0000015999
0.0844369978, 0.0002426880, 31.1671587513, 1072.8836059570, inf
0.0790000036, 0.0002506880, 31.6100889103, 980.5925430790, 0.0000013217
0.0788440034, 0.0002487680, 31.5881906846, 1098.7362229680, 0.0000014475
0.0805260018, 0.0002426880, 31.6100889103, 1085.6560298375, inf
0.0823569968, 0.0002426880, 31.5444851284, 1098.7362229680, inf
0.0736669973, 0.0002454080, 31.3062500880, 1098.7362229680, 0.0000011692
0.0707290024, 0.0002518080, 27.2712639074, 1085.6560298375, inf
0.0776320025, 0.0002416640, 30.6744387845, 980.5925430790, 0.0000009499
0.0793029964, 0.0002498560, 31.4140911148, 1013.2789611816, inf
0.0887639970, 0.0002506240, 27.1010717701, 1112.1354451994, inf
0.0858519971, 0.0002426880, 30.7157650746, 1112.1354451994, 0.0000012666
0.0836839974, 0.0002416640, 27.7695208606, 265.1020537975, inf
0.0802899972, 0.0002426880, 31.5881906846, 1098.7362229680, inf
0.0814850032, 0.0002426880, 31.4357485372, 1098.7362229680, inf
